i,dt,ref,up,dn,d_up,d_dn,nearer,near_dist,far_dist,first,p_up_baseline,went_nearer,p_near_base,bucket
216,2016-01-06 09:00:00,1077.751,1100.0,1000.0,22.249000000000024,77.75099999999998,up,22.249000000000024,77.75099999999998,up,0.7775099999999998,True,0.7775099999999998,20-30
308,2016-01-07 09:00:00,1099.121,1100.0,1000.0,0.8789999999999054,99.1210000000001,up,0.8789999999999054,99.1210000000001,up,0.9912100000000009,True,0.9912100000000009,0-10
400,2016-01-08 09:00:00,1103.068,1200.0,1100.0,96.93200000000002,3.0679999999999836,dn,3.0679999999999836,96.93200000000002,dn,0.030679999999999836,True,0.9693200000000002,0-10
492,2016-01-11 09:00:00,1105.193,1200.0,1100.0,94.80700000000002,5.192999999999984,dn,5.192999999999984,94.80700000000002,dn,0.05192999999999984,True,0.9480700000000002,0-10
1136,2016-01-20 09:00:00,1092.578,1100.0,1000.0,7.4220000000000255,92.57799999999997,up,7.4220000000000255,92.57799999999997,up,0.9257799999999997,True,0.9257799999999997,0-10
1228,2016-01-21 09:00:00,1099.651,1100.0,1000.0,0.3489999999999327,99.65100000000007,up,0.3489999999999327,99.65100000000007,up,0.9965100000000007,True,0.9965100000000007,0-10
1320,2016-01-22 09:00:00,1100.469,1200.0,1100.0,99.53099999999995,0.46900000000005093,dn,0.46900000000005093,99.53099999999995,dn,0.00469000000000051,True,0.9953099999999995,0-10
1412,2016-01-25 09:00:00,1101.549,1200.0,1100.0,98.45100000000002,1.5489999999999782,dn,1.5489999999999782,98.45100000000002,dn,0.015489999999999782,True,0.9845100000000002,0-10
2332,2016-02-08 09:00:00,1165.978,1200.0,1100.0,34.021999999999935,65.97800000000007,up,34.021999999999935,65.97800000000007,up,0.6597800000000007,True,0.6597800000000007,30-40
2516,2016-02-10 09:00:00,1190.559,1200.0,1100.0,9.441000000000031,90.55899999999997,up,9.441000000000031,90.55899999999997,up,0.9055899999999997,True,0.9055899999999997,0-10
2792,2016-02-15 09:00:00,1223.819,1300.0,1200.0,76.18100000000004,23.81899999999996,dn,23.81899999999996,76.18100000000004,dn,0.2381899999999996,True,0.7618100000000004,20-30
2884,2016-02-16 09:00:00,1194.139,1200.0,1100.0,5.861000000000104,94.1389999999999,up,5.861000000000104,94.1389999999999,up,0.941389999999999,True,0.941389999999999,0-10
7764,2016-05-02 09:00:00,1292.831,1300.0,1200.0,7.169000000000096,92.8309999999999,up,7.169000000000096,92.8309999999999,up,0.9283099999999991,True,0.9283099999999991,0-10
7856,2016-05-03 09:00:00,1293.921,1300.0,1200.0,6.078999999999951,93.92100000000005,up,6.078999999999951,93.92100000000005,up,0.9392100000000005,True,0.9392100000000005,0-10
9512,2016-05-27 09:00:00,1216.21,1300.0,1200.0,83.78999999999996,16.210000000000036,dn,16.210000000000036,83.78999999999996,dn,0.16210000000000035,True,0.8378999999999996,10-20
9604,2016-05-30 09:00:00,1203.021,1300.0,1200.0,96.97900000000004,3.020999999999958,dn,3.020999999999958,96.97900000000004,dn,0.03020999999999958,True,0.9697900000000004,0-10
10708,2016-06-15 09:00:00,1283.43,1300.0,1200.0,16.569999999999936,83.43000000000006,up,16.569999999999936,83.43000000000006,up,0.8343000000000006,True,0.8343000000000006,10-20
10800,2016-06-16 09:00:00,1299.111,1300.0,1200.0,0.8889999999998963,99.1110000000001,up,0.8889999999998963,99.1110000000001,up,0.991110000000001,True,0.991110000000001,0-10
11260,2016-06-23 09:00:00,1265.37,1300.0,1200.0,34.63000000000011,65.36999999999989,up,34.63000000000011,65.36999999999989,up,0.653699999999999,True,0.653699999999999,30-40
17976,2016-10-04 09:00:00,1310.182,1400.0,1300.0,89.81799999999998,10.182000000000016,dn,10.182000000000016,89.81799999999998,dn,0.10182000000000016,True,0.8981799999999999,10-20
19908,2016-11-02 09:00:00,1290.228,1300.0,1200.0,9.771999999999935,90.22800000000007,up,9.771999999999935,90.22800000000007,up,0.9022800000000006,True,0.9022800000000006,0-10
20000,2016-11-03 09:00:00,1302.999,1400.0,1300.0,97.00099999999998,2.9990000000000236,dn,2.9990000000000236,97.00099999999998,dn,0.029990000000000235,True,0.9700099999999998,0-10
20092,2016-11-04 09:00:00,1299.338,1300.0,1200.0,0.6620000000000346,99.33799999999997,up,0.6620000000000346,99.33799999999997,up,0.9933799999999997,True,0.9933799999999997,0-10
20272,2016-11-08 09:00:00,1283.508,1300.0,1200.0,16.491999999999962,83.50800000000004,up,16.491999999999962,83.50800000000004,up,0.8350800000000004,True,0.8350800000000004,10-20
20364,2016-11-09 09:00:00,1320.109,1400.0,1300.0,79.89100000000008,20.108999999999924,dn,20.108999999999924,79.89100000000008,dn,0.20108999999999924,True,0.7989100000000008,20-30
21284,2016-11-23 09:00:00,1213.868,1300.0,1200.0,86.13200000000006,13.867999999999938,dn,13.867999999999938,86.13200000000006,dn,0.1386799999999994,True,0.8613200000000006,10-20
24412,2017-01-12 09:00:00,1197.171,1200.0,1100.0,2.828999999999951,97.17100000000005,up,2.828999999999951,97.17100000000005,up,0.9717100000000005,True,0.9717100000000005,0-10
24504,2017-01-13 09:00:00,1192.429,1200.0,1100.0,7.570999999999913,92.42900000000009,up,7.570999999999913,92.42900000000009,up,0.9242900000000008,True,0.9242900000000008,0-10
24780,2017-01-18 09:00:00,1215.431,1300.0,1200.0,84.56899999999996,15.43100000000004,dn,15.43100000000004,84.56899999999996,dn,0.1543100000000004,True,0.8456899999999996,10-20
24872,2017-01-19 09:00:00,1202.179,1300.0,1200.0,97.82099999999991,2.1790000000000873,dn,2.1790000000000873,97.82099999999991,dn,0.021790000000000875,True,0.9782099999999991,0-10
24964,2017-01-20 09:00:00,1207.919,1300.0,1200.0,92.0809999999999,7.919000000000096,dn,7.919000000000096,92.0809999999999,dn,0.07919000000000097,True,0.920809999999999,0-10
25240,2017-01-25 09:00:00,1206.018,1300.0,1200.0,93.98199999999997,6.018000000000029,dn,6.018000000000029,93.98199999999997,dn,0.06018000000000029,True,0.9398199999999997,0-10
25516,2017-01-30 09:00:00,1194.288,1200.0,1100.0,5.711999999999989,94.28800000000001,up,5.711999999999989,94.28800000000001,up,0.9428800000000002,True,0.9428800000000002,0-10
25608,2017-01-31 09:00:00,1200.218,1300.0,1200.0,99.78199999999993,0.21800000000007458,dn,0.21800000000007458,99.78199999999993,dn,0.0021800000000007456,True,0.9978199999999993,0-10
25700,2017-02-01 09:00:00,1210.978,1300.0,1200.0,89.02199999999993,10.978000000000065,dn,10.978000000000065,89.02199999999993,dn,0.10978000000000065,True,0.8902199999999993,10-20
28092,2017-03-09 09:00:00,1207.198,1300.0,1200.0,92.80199999999991,7.198000000000093,dn,7.198000000000093,92.80199999999991,dn,0.07198000000000093,True,0.9280199999999991,0-10
28184,2017-03-10 09:00:00,1199.039,1200.0,1100.0,0.9610000000000127,99.03899999999999,up,0.9610000000000127,99.03899999999999,up,0.9903899999999999,True,0.9903899999999999,0-10
28372,2017-03-14 09:00:00,1203.709,1300.0,1200.0,96.29099999999994,3.70900000000006,dn,3.70900000000006,96.29099999999994,dn,0.0370900000000006,True,0.9629099999999994,0-10
28464,2017-03-15 09:00:00,1201.628,1300.0,1200.0,98.37200000000007,1.627999999999929,dn,1.627999999999929,98.37200000000007,dn,0.01627999999999929,True,0.9837200000000007,0-10
38676,2017-08-18 09:00:00,1287.002,1300.0,1200.0,12.998000000000047,87.00199999999995,up,12.998000000000047,87.00199999999995,up,0.8700199999999996,True,0.8700199999999996,10-20
39228,2017-08-28 09:00:00,1294.181,1300.0,1200.0,5.81899999999996,94.18100000000004,up,5.81899999999996,94.18100000000004,up,0.9418100000000004,True,0.9418100000000004,0-10
39412,2017-08-30 09:00:00,1312.921,1400.0,1300.0,87.07899999999995,12.92100000000005,dn,12.92100000000005,87.07899999999995,dn,0.1292100000000005,True,0.8707899999999995,10-20
40792,2017-09-20 09:00:00,1312.401,1400.0,1300.0,87.59899999999993,12.401000000000067,dn,12.401000000000067,87.59899999999993,dn,0.12401000000000068,True,0.8759899999999994,10-20
41068,2017-09-25 09:00:00,1292.852,1300.0,1200.0,7.147999999999911,92.85200000000009,up,7.147999999999911,92.85200000000009,up,0.9285200000000009,True,0.9285200000000009,0-10
41160,2017-09-26 09:00:00,1310.988,1400.0,1300.0,89.01199999999994,10.988000000000056,dn,10.988000000000056,89.01199999999994,dn,0.10988000000000056,True,0.8901199999999995,10-20
42356,2017-10-13 09:00:00,1296.541,1300.0,1200.0,3.45900000000006,96.54099999999994,up,3.45900000000006,96.54099999999994,up,0.9654099999999994,True,0.9654099999999994,0-10
42448,2017-10-16 09:00:00,1301.901,1400.0,1300.0,98.09899999999993,1.9010000000000673,dn,1.9010000000000673,98.09899999999993,dn,0.019010000000000672,True,0.9809899999999994,0-10
47320,2017-12-29 09:00:00,1295.332,1300.0,1200.0,4.667999999999893,95.33200000000011,up,4.667999999999893,95.33200000000011,up,0.953320000000001,True,0.953320000000001,0-10
56040,2018-05-15 09:00:00,1313.458,1400.0,1300.0,86.54199999999992,13.458000000000084,dn,13.458000000000084,86.54199999999992,dn,0.13458000000000084,True,0.8654199999999992,10-20
56684,2018-05-24 09:00:00,1294.902,1300.0,1200.0,5.097999999999956,94.90200000000004,up,5.097999999999956,94.90200000000004,up,0.9490200000000004,True,0.9490200000000004,0-10
56776,2018-05-25 09:00:00,1302.599,1400.0,1300.0,97.40100000000007,2.5989999999999327,dn,2.5989999999999327,97.40100000000007,dn,0.025989999999999326,True,0.9740100000000007,0-10
56868,2018-05-28 09:00:00,1298.061,1300.0,1200.0,1.9390000000000782,98.06099999999992,up,1.9390000000000782,98.06099999999992,up,0.9806099999999992,True,0.9806099999999992,0-10
56944,2018-05-29 09:00:00,1297.928,1300.0,1200.0,2.071999999999889,97.92800000000011,up,2.071999999999889,97.92800000000011,up,0.9792800000000011,True,0.9792800000000011,0-10
57036,2018-05-30 09:00:00,1298.989,1300.0,1200.0,1.0109999999999673,98.98900000000003,up,1.0109999999999673,98.98900000000003,up,0.9898900000000004,True,0.9898900000000004,0-10
57128,2018-05-31 09:00:00,1302.858,1400.0,1300.0,97.14200000000005,2.8579999999999472,dn,2.8579999999999472,97.14200000000005,dn,0.028579999999999474,True,0.9714200000000005,0-10
57220,2018-06-01 09:00:00,1298.542,1300.0,1200.0,1.4580000000000837,98.54199999999992,up,1.4580000000000837,98.54199999999992,up,0.9854199999999992,True,0.9854199999999992,0-10
57404,2018-06-05 09:00:00,1292.161,1300.0,1200.0,7.838999999999942,92.16100000000006,up,7.838999999999942,92.16100000000006,up,0.9216100000000006,True,0.9216100000000006,0-10
57496,2018-06-06 09:00:00,1297.172,1300.0,1200.0,2.8279999999999745,97.17200000000003,up,2.8279999999999745,97.17200000000003,up,0.9717200000000003,True,0.9717200000000003,0-10
57588,2018-06-07 09:00:00,1296.808,1300.0,1200.0,3.1920000000000073,96.80799999999999,up,3.1920000000000073,96.80799999999999,up,0.9680799999999999,True,0.9680799999999999,0-10
57680,2018-06-08 09:00:00,1295.919,1300.0,1200.0,4.080999999999904,95.9190000000001,up,4.080999999999904,95.9190000000001,up,0.959190000000001,True,0.959190000000001,0-10
57772,2018-06-11 09:00:00,1299.449,1300.0,1200.0,0.5509999999999309,99.44900000000007,up,0.5509999999999309,99.44900000000007,up,0.9944900000000007,True,0.9944900000000007,0-10
57956,2018-06-13 09:00:00,1295.159,1300.0,1200.0,4.8409999999998945,95.1590000000001,up,4.8409999999998945,95.1590000000001,up,0.951590000000001,True,0.951590000000001,0-10
58048,2018-06-14 09:00:00,1298.571,1300.0,1200.0,1.4290000000000873,98.57099999999991,up,1.4290000000000873,98.57099999999991,up,0.9857099999999991,True,0.9857099999999991,0-10
58140,2018-06-15 09:00:00,1301.631,1400.0,1300.0,98.36899999999991,1.6310000000000855,dn,1.6310000000000855,98.36899999999991,dn,0.016310000000000855,True,0.9836899999999992,0-10
61896,2018-08-13 09:00:00,1207.649,1300.0,1200.0,92.35100000000011,7.648999999999887,dn,7.648999999999887,92.35100000000011,dn,0.07648999999999888,True,0.9235100000000012,0-10
62540,2018-08-22 09:00:00,1195.349,1200.0,1100.0,4.651000000000067,95.34899999999993,up,4.651000000000067,95.34899999999993,up,0.9534899999999993,True,0.9534899999999993,0-10
62724,2018-08-24 09:00:00,1186.249,1200.0,1100.0,13.750999999999976,86.24900000000002,up,13.750999999999976,86.24900000000002,up,0.8624900000000002,True,0.8624900000000002,10-20
62908,2018-08-28 09:00:00,1208.208,1300.0,1200.0,91.79199999999992,8.208000000000084,dn,8.208000000000084,91.79199999999992,dn,0.08208000000000083,True,0.9179199999999992,0-10
63092,2018-08-30 09:00:00,1203.979,1300.0,1200.0,96.02099999999996,3.979000000000042,dn,3.979000000000042,96.02099999999996,dn,0.039790000000000415,True,0.9602099999999996,0-10
63184,2018-08-31 09:00:00,1202.358,1300.0,1200.0,97.64200000000005,2.3579999999999472,dn,2.3579999999999472,97.64200000000005,dn,0.023579999999999473,True,0.9764200000000005,0-10
63276,2018-09-03 09:00:00,1198.889,1200.0,1100.0,1.1110000000001037,98.8889999999999,up,1.1110000000001037,98.8889999999999,up,0.9888899999999989,True,0.9888899999999989,0-10
63352,2018-09-04 09:00:00,1199.698,1200.0,1100.0,0.30199999999990723,99.69800000000009,up,0.30199999999990723,99.69800000000009,up,0.996980000000001,True,0.996980000000001,0-10
63536,2018-09-06 09:00:00,1198.668,1200.0,1100.0,1.3320000000001073,98.66799999999989,up,1.3320000000001073,98.66799999999989,up,0.9866799999999989,True,0.9866799999999989,0-10
63628,2018-09-07 09:00:00,1202.098,1300.0,1200.0,97.90200000000004,2.0979999999999563,dn,2.0979999999999563,97.90200000000004,dn,0.020979999999999565,True,0.9790200000000004,0-10
63904,2018-09-12 09:00:00,1193.661,1200.0,1100.0,6.338999999999942,93.66100000000006,up,6.338999999999942,93.66100000000006,up,0.9366100000000006,True,0.9366100000000006,0-10
64088,2018-09-14 09:00:00,1204.888,1300.0,1200.0,95.11200000000008,4.88799999999992,dn,4.88799999999992,95.11200000000008,dn,0.0488799999999992,True,0.9511200000000009,0-10
64180,2018-09-17 09:00:00,1195.738,1200.0,1100.0,4.261999999999944,95.73800000000006,up,4.261999999999944,95.73800000000006,up,0.9573800000000006,True,0.9573800000000006,0-10
64272,2018-09-18 09:00:00,1198.778,1200.0,1100.0,1.22199999999998,98.77800000000002,up,1.22199999999998,98.77800000000002,up,0.9877800000000002,True,0.9877800000000002,0-10
64548,2018-09-21 09:00:00,1208.572,1300.0,1200.0,91.42800000000011,8.571999999999889,dn,8.571999999999889,91.42800000000011,dn,0.0857199999999989,True,0.9142800000000011,0-10
64640,2018-09-24 09:00:00,1196.338,1200.0,1100.0,3.6620000000000346,96.33799999999997,up,3.6620000000000346,96.33799999999997,up,0.9633799999999997,True,0.9633799999999997,0-10
64732,2018-09-25 09:00:00,1198.879,1200.0,1100.0,1.1210000000000946,98.8789999999999,up,1.1210000000000946,98.8789999999999,up,0.9887899999999991,True,0.9887899999999991,0-10
64824,2018-09-26 09:00:00,1201.688,1300.0,1200.0,98.3119999999999,1.6880000000001019,dn,1.6880000000001019,98.3119999999999,dn,0.01688000000000102,True,0.983119999999999,0-10
65192,2018-10-02 09:00:00,1191.479,1200.0,1100.0,8.520999999999958,91.47900000000004,up,8.520999999999958,91.47900000000004,up,0.9147900000000004,True,0.9147900000000004,0-10
65284,2018-10-03 09:00:00,1207.418,1300.0,1200.0,92.58200000000011,7.417999999999893,dn,7.417999999999893,92.58200000000011,dn,0.07417999999999893,True,0.9258200000000011,0-10
65376,2018-10-04 09:00:00,1196.718,1200.0,1100.0,3.2819999999999254,96.71800000000007,up,3.2819999999999254,96.71800000000007,up,0.9671800000000007,True,0.9671800000000007,0-10
65468,2018-10-05 09:00:00,1198.672,1200.0,1100.0,1.3279999999999745,98.67200000000003,up,1.3279999999999745,98.67200000000003,up,0.9867200000000003,True,0.9867200000000003,0-10
65836,2018-10-11 09:00:00,1192.862,1200.0,1100.0,7.13799999999992,92.86200000000008,up,7.13799999999992,92.86200000000008,up,0.9286200000000008,True,0.9286200000000008,0-10
67948,2018-11-13 09:00:00,1204.498,1300.0,1200.0,95.50199999999995,4.498000000000047,dn,4.498000000000047,95.50199999999995,dn,0.04498000000000047,True,0.9550199999999995,0-10
68040,2018-11-14 09:00:00,1204.045,1300.0,1200.0,95.95499999999993,4.045000000000073,dn,4.045000000000073,95.95499999999993,dn,0.04045000000000073,True,0.9595499999999992,0-10
72583,2019-01-25 09:00:00,1282.635,1300.0,1200.0,17.36500000000001,82.63499999999999,up,17.36500000000001,82.63499999999999,up,0.8263499999999999,True,0.8263499999999999,10-20
72675,2019-01-28 09:00:00,1302.805,1400.0,1300.0,97.19499999999994,2.8050000000000637,dn,2.8050000000000637,97.19499999999994,dn,0.028050000000000637,True,0.9719499999999993,0-10
74867,2019-03-01 09:00:00,1313.245,1400.0,1300.0,86.75500000000011,13.24499999999989,dn,13.24499999999989,86.75500000000011,dn,0.1324499999999989,True,0.8675500000000012,10-20
75327,2019-03-08 09:00:00,1287.405,1300.0,1200.0,12.595000000000027,87.40499999999997,up,12.595000000000027,87.40499999999997,up,0.8740499999999998,True,0.8740499999999998,10-20
75511,2019-03-12 09:00:00,1296.315,1300.0,1200.0,3.6849999999999454,96.31500000000005,up,3.6849999999999454,96.31500000000005,up,0.9631500000000005,True,0.9631500000000005,0-10
75695,2019-03-14 09:00:00,1304.695,1400.0,1300.0,95.30500000000006,4.694999999999936,dn,4.694999999999936,95.30500000000006,dn,0.04694999999999936,True,0.9530500000000006,0-10
75787,2019-03-15 09:00:00,1299.288,1300.0,1200.0,0.7119999999999891,99.28800000000001,up,0.7119999999999891,99.28800000000001,up,0.9928800000000001,True,0.9928800000000001,0-10
75879,2019-03-18 09:00:00,1299.325,1300.0,1200.0,0.6749999999999545,99.32500000000005,up,0.6749999999999545,99.32500000000005,up,0.9932500000000004,True,0.9932500000000004,0-10
76063,2019-03-20 09:00:00,1304.868,1400.0,1300.0,95.13200000000006,4.867999999999938,dn,4.867999999999938,95.13200000000006,dn,0.048679999999999383,True,0.9513200000000006,0-10
76615,2019-03-28 09:00:00,1310.598,1400.0,1300.0,89.40200000000004,10.597999999999956,dn,10.597999999999956,89.40200000000004,dn,0.10597999999999956,True,0.8940200000000005,10-20
77259,2019-04-08 09:00:00,1296.068,1300.0,1200.0,3.9320000000000164,96.06799999999998,up,3.9320000000000164,96.06799999999998,up,0.9606799999999999,True,0.9606799999999999,0-10
77351,2019-04-09 09:00:00,1299.045,1300.0,1200.0,0.9549999999999272,99.04500000000007,up,0.9549999999999272,99.04500000000007,up,0.9904500000000007,True,0.9904500000000007,0-10
77535,2019-04-11 09:00:00,1306.365,1400.0,1300.0,93.63499999999999,6.365000000000009,dn,6.365000000000009,93.63499999999999,dn,0.0636500000000001,True,0.9363499999999999,0-10
79467,2019-05-13 09:00:00,1283.608,1300.0,1200.0,16.392000000000053,83.60799999999995,up,16.392000000000053,83.60799999999995,up,0.8360799999999995,True,0.8360799999999995,10-20
79651,2019-05-15 09:00:00,1295.528,1300.0,1200.0,4.47199999999998,95.52800000000002,up,4.47199999999998,95.52800000000002,up,0.9552800000000002,True,0.9552800000000002,0-10
80739,2019-05-31 09:00:00,1291.098,1300.0,1200.0,8.902000000000044,91.09799999999996,up,8.902000000000044,91.09799999999996,up,0.9109799999999996,True,0.9109799999999996,0-10
82027,2019-06-20 09:00:00,1381.005,1400.0,1300.0,18.99499999999989,81.00500000000011,up,18.99499999999989,81.00500000000011,up,0.810050000000001,True,0.810050000000001,10-20
82119,2019-06-21 09:00:00,1405.525,1500.0,1400.0,94.47499999999991,5.525000000000091,dn,5.525000000000091,94.47499999999991,dn,0.05525000000000091,True,0.9447499999999991,0-10
82487,2019-06-27 09:00:00,1407.425,1500.0,1400.0,92.57500000000005,7.4249999999999545,dn,7.4249999999999545,92.57500000000005,dn,0.07424999999999954,True,0.9257500000000005,0-10
82579,2019-06-28 09:00:00,1419.918,1500.0,1400.0,80.08200000000011,19.917999999999893,dn,19.917999999999893,80.08200000000011,dn,0.1991799999999989,True,0.8008200000000011,10-20
82763,2019-07-02 09:00:00,1389.438,1400.0,1300.0,10.561999999999898,89.4380000000001,up,10.561999999999898,89.4380000000001,up,0.8943800000000011,True,0.8943800000000011,10-20
83035,2019-07-05 09:00:00,1417.418,1500.0,1400.0,82.58200000000011,17.417999999999893,dn,17.417999999999893,82.58200000000011,dn,0.17417999999999892,True,0.8258200000000011,10-20
83127,2019-07-08 09:00:00,1398.558,1400.0,1300.0,1.4420000000000073,98.55799999999999,up,1.4420000000000073,98.55799999999999,up,0.9855799999999999,True,0.9855799999999999,0-10
83219,2019-07-09 09:00:00,1395.655,1400.0,1300.0,4.345000000000027,95.65499999999997,up,4.345000000000027,95.65499999999997,up,0.9565499999999997,True,0.9565499999999997,0-10
83311,2019-07-10 09:00:00,1393.755,1400.0,1300.0,6.244999999999891,93.75500000000011,up,6.244999999999891,93.75500000000011,up,0.9375500000000011,True,0.9375500000000011,0-10
85151,2019-08-07 09:00:00,1485.685,1500.0,1400.0,14.315000000000055,85.68499999999995,up,14.315000000000055,85.68499999999995,up,0.8568499999999994,True,0.8568499999999994,10-20
85243,2019-08-08 09:00:00,1500.148,1600.0,1500.0,99.85200000000009,0.14799999999991087,dn,0.14799999999991087,99.85200000000009,dn,0.0014799999999991088,True,0.9985200000000009,0-10
85335,2019-08-09 09:00:00,1507.605,1600.0,1500.0,92.39499999999998,7.605000000000018,dn,7.605000000000018,92.39499999999998,dn,0.07605000000000019,True,0.9239499999999998,0-10
85427,2019-08-12 09:00:00,1496.675,1500.0,1400.0,3.3250000000000455,96.67499999999995,up,3.3250000000000455,96.67499999999995,up,0.9667499999999996,True,0.9667499999999996,0-10
85519,2019-08-13 09:00:00,1516.028,1600.0,1500.0,83.97199999999998,16.02800000000002,dn,16.02800000000002,83.97199999999998,dn,0.1602800000000002,True,0.8397199999999998,10-20
85611,2019-08-14 09:00:00,1501.915,1600.0,1500.0,98.08500000000004,1.9149999999999636,dn,1.9149999999999636,98.08500000000004,dn,0.019149999999999636,True,0.9808500000000003,0-10
85887,2019-08-19 09:00:00,1508.795,1600.0,1500.0,91.20499999999993,8.795000000000073,dn,8.795000000000073,91.20499999999993,dn,0.08795000000000072,True,0.9120499999999993,0-10
85979,2019-08-20 09:00:00,1495.968,1500.0,1400.0,4.031999999999925,95.96800000000007,up,4.031999999999925,95.96800000000007,up,0.9596800000000008,True,0.9596800000000008,0-10
86071,2019-08-21 09:00:00,1502.968,1600.0,1500.0,97.03199999999993,2.9680000000000746,dn,2.9680000000000746,97.03199999999993,dn,0.029680000000000747,True,0.9703199999999993,0-10
86163,2019-08-22 09:00:00,1501.315,1600.0,1500.0,98.68499999999995,1.3150000000000546,dn,1.3150000000000546,98.68499999999995,dn,0.013150000000000545,True,0.9868499999999994,0-10
86255,2019-08-23 09:00:00,1495.005,1500.0,1400.0,4.994999999999891,95.00500000000011,up,4.994999999999891,95.00500000000011,up,0.9500500000000011,True,0.9500500000000011,0-10
87259,2019-09-09 09:00:00,1509.308,1600.0,1500.0,90.69200000000001,9.307999999999993,dn,9.307999999999993,90.69200000000001,dn,0.09307999999999993,True,0.9069200000000001,0-10
87351,2019-09-10 09:00:00,1489.395,1500.0,1400.0,10.605000000000018,89.39499999999998,up,10.605000000000018,89.39499999999998,up,0.8939499999999998,True,0.8939499999999998,10-20
87535,2019-09-12 09:00:00,1494.355,1500.0,1400.0,5.644999999999982,94.35500000000002,up,5.644999999999982,94.35500000000002,up,0.9435500000000002,True,0.9435500000000002,0-10
87627,2019-09-13 09:00:00,1496.965,1500.0,1400.0,3.035000000000082,96.96499999999992,up,3.035000000000082,96.96499999999992,up,0.9696499999999992,True,0.9696499999999992,0-10
87719,2019-09-16 09:00:00,1504.405,1600.0,1500.0,95.59500000000003,4.404999999999973,dn,4.404999999999973,95.59500000000003,dn,0.04404999999999973,True,0.9559500000000003,0-10
87811,2019-09-17 09:00:00,1498.198,1500.0,1400.0,1.8019999999999072,98.19800000000009,up,1.8019999999999072,98.19800000000009,up,0.981980000000001,True,0.981980000000001,0-10
87903,2019-09-18 09:00:00,1502.198,1600.0,1500.0,97.80199999999991,2.1980000000000928,dn,2.1980000000000928,97.80199999999991,dn,0.02198000000000093,True,0.9780199999999991,0-10
87995,2019-09-19 09:00:00,1493.995,1500.0,1400.0,6.005000000000109,93.99499999999989,up,6.005000000000109,93.99499999999989,up,0.939949999999999,True,0.939949999999999,0-10
88087,2019-09-20 09:00:00,1503.588,1600.0,1500.0,96.41200000000003,3.5879999999999654,dn,3.5879999999999654,96.41200000000003,dn,0.035879999999999655,True,0.9641200000000003,0-10
88547,2019-09-27 09:00:00,1506.458,1600.0,1500.0,93.54199999999992,6.458000000000084,dn,6.458000000000084,93.54199999999992,dn,0.06458000000000083,True,0.9354199999999991,0-10
88823,2019-10-02 09:00:00,1477.748,1500.0,1400.0,22.251999999999953,77.74800000000005,up,22.251999999999953,77.74800000000005,up,0.7774800000000005,True,0.7774800000000005,20-30
88915,2019-10-03 09:00:00,1499.468,1500.0,1400.0,0.5319999999999254,99.46800000000007,up,0.5319999999999254,99.46800000000007,up,0.9946800000000008,True,0.9946800000000008,0-10
89007,2019-10-04 09:00:00,1509.115,1600.0,1500.0,90.88499999999999,9.115000000000009,dn,9.115000000000009,90.88499999999999,dn,0.09115000000000009,True,0.9088499999999999,0-10
89099,2019-10-07 09:00:00,1506.958,1600.0,1500.0,93.04199999999992,6.958000000000084,dn,6.958000000000084,93.04199999999992,dn,0.06958000000000084,True,0.9304199999999991,0-10
89191,2019-10-08 09:00:00,1491.025,1500.0,1400.0,8.974999999999909,91.02500000000009,up,8.974999999999909,91.02500000000009,up,0.9102500000000009,True,0.9102500000000009,0-10
89283,2019-10-09 09:00:00,1505.605,1600.0,1500.0,94.39499999999998,5.605000000000018,dn,5.605000000000018,94.39499999999998,dn,0.05605000000000018,True,0.9439499999999998,0-10
89375,2019-10-10 09:00:00,1509.285,1600.0,1500.0,90.71499999999992,9.285000000000082,dn,9.285000000000082,90.71499999999992,dn,0.09285000000000082,True,0.9071499999999992,0-10
89467,2019-10-11 09:00:00,1495.485,1500.0,1400.0,4.5150000000001,95.4849999999999,up,4.5150000000001,95.4849999999999,up,0.954849999999999,True,0.954849999999999,0-10
90295,2019-10-24 09:00:00,1493.115,1500.0,1400.0,6.884999999999991,93.11500000000001,up,6.884999999999991,93.11500000000001,up,0.9311500000000001,True,0.9311500000000001,0-10
90479,2019-10-28 09:00:00,1504.815,1600.0,1500.0,95.18499999999995,4.815000000000055,dn,4.815000000000055,95.18499999999995,dn,0.048150000000000547,True,0.9518499999999994,0-10
90755,2019-10-31 09:00:00,1497.428,1500.0,1400.0,2.571999999999889,97.42800000000011,up,2.571999999999889,97.42800000000011,up,0.9742800000000011,True,0.9742800000000011,0-10
91027,2019-11-05 09:00:00,1505.325,1600.0,1500.0,94.67499999999995,5.3250000000000455,dn,5.3250000000000455,94.67499999999995,dn,0.05325000000000046,True,0.9467499999999995,0-10
94227,2019-12-24 09:00:00,1488.905,1500.0,1400.0,11.095000000000027,88.90499999999997,up,11.095000000000027,88.90499999999997,up,0.8890499999999997,True,0.8890499999999997,10-20
94950,2020-01-07 09:00:00,1559.275,1600.0,1500.0,40.72499999999991,59.27500000000009,up,40.72499999999991,59.27500000000009,up,0.5927500000000009,True,0.5927500000000009,40-50
97678,2020-02-18 09:00:00,1586.405,1600.0,1500.0,13.595000000000027,86.40499999999997,up,13.595000000000027,86.40499999999997,up,0.8640499999999998,True,0.8640499999999998,10-20
98414,2020-02-28 09:00:00,1645.005,1700.0,1600.0,54.99499999999989,45.00500000000011,dn,45.00500000000011,54.99499999999989,dn,0.4500500000000011,True,0.5499499999999988,40-50
98506,2020-03-02 09:00:00,1599.245,1600.0,1500.0,0.7550000000001091,99.24499999999989,up,0.7550000000001091,99.24499999999989,up,0.9924499999999989,True,0.9924499999999989,0-10
98598,2020-03-03 09:00:00,1598.575,1600.0,1500.0,1.4249999999999545,98.57500000000005,up,1.4249999999999545,98.57500000000005,up,0.9857500000000005,True,0.9857500000000005,0-10
98874,2020-03-06 09:00:00,1671.428,1700.0,1600.0,28.57199999999989,71.42800000000011,up,28.57199999999989,71.42800000000011,up,0.7142800000000011,True,0.7142800000000011,20-30
99246,2020-03-12 09:00:00,1634.805,1700.0,1600.0,65.19499999999994,34.805000000000064,dn,34.805000000000064,65.19499999999994,dn,0.34805000000000064,True,0.6519499999999994,30-40
99430,2020-03-16 09:00:00,1547.175,1600.0,1500.0,52.825000000000045,47.174999999999955,dn,47.174999999999955,52.825000000000045,dn,0.47174999999999956,True,0.5282500000000004,40-50
99522,2020-03-17 09:00:00,1494.825,1500.0,1400.0,5.1749999999999545,94.82500000000005,up,5.1749999999999545,94.82500000000005,up,0.9482500000000005,True,0.9482500000000005,0-10
99614,2020-03-18 09:00:00,1529.448,1600.0,1500.0,70.55199999999991,29.448000000000093,dn,29.448000000000093,70.55199999999991,dn,0.2944800000000009,True,0.705519999999999,20-30
99798,2020-03-20 09:00:00,1481.118,1500.0,1400.0,18.882000000000062,81.11799999999994,up,18.882000000000062,81.11799999999994,up,0.8111799999999993,True,0.8111799999999993,10-20
99890,2020-03-23 09:00:00,1496.368,1500.0,1400.0,3.632000000000062,96.36799999999994,up,3.632000000000062,96.36799999999994,up,0.9636799999999994,True,0.9636799999999994,0-10
99982,2020-03-24 09:00:00,1573.608,1600.0,1500.0,26.392000000000053,73.60799999999995,up,26.392000000000053,73.60799999999995,up,0.7360799999999995,True,0.7360799999999995,20-30
100074,2020-03-25 09:00:00,1617.168,1700.0,1600.0,82.83200000000011,17.167999999999893,dn,17.167999999999893,82.83200000000011,dn,0.17167999999999892,True,0.828320000000001,10-20
100166,2020-03-26 09:00:00,1606.388,1700.0,1600.0,93.61200000000008,6.38799999999992,dn,6.38799999999992,93.61200000000008,dn,0.0638799999999992,True,0.9361200000000008,0-10
100442,2020-03-31 09:00:00,1613.778,1700.0,1600.0,86.22199999999998,13.77800000000002,dn,13.77800000000002,86.22199999999998,dn,0.1377800000000002,True,0.8622199999999998,10-20
100626,2020-04-02 09:00:00,1584.698,1600.0,1500.0,15.301999999999907,84.69800000000009,up,15.301999999999907,84.69800000000009,up,0.846980000000001,True,0.846980000000001,10-20
101178,2020-04-13 09:00:00,1683.638,1700.0,1600.0,16.36200000000008,83.63799999999992,up,16.36200000000008,83.63799999999992,up,0.8363799999999992,True,0.8363799999999992,10-20
101546,2020-04-17 09:00:00,1705.188,1800.0,1700.0,94.8119999999999,5.188000000000102,dn,5.188000000000102,94.8119999999999,dn,0.051880000000001016,True,0.948119999999999,0-10
101638,2020-04-20 09:00:00,1682.008,1700.0,1600.0,17.991999999999962,82.00800000000004,up,17.991999999999962,82.00800000000004,up,0.8200800000000004,True,0.8200800000000004,10-20
101822,2020-04-22 09:00:00,1683.978,1700.0,1600.0,16.021999999999935,83.97800000000007,up,16.021999999999935,83.97800000000007,up,0.8397800000000006,True,0.8397800000000006,10-20
102098,2020-04-27 09:00:00,1722.185,1800.0,1700.0,77.81500000000005,22.184999999999945,dn,22.184999999999945,77.81500000000005,dn,0.22184999999999946,True,0.7781500000000006,20-30
102190,2020-04-28 09:00:00,1699.223,1700.0,1600.0,0.7770000000000437,99.22299999999996,up,0.7770000000000437,99.22299999999996,up,0.9922299999999996,True,0.9922299999999996,0-10
102282,2020-04-29 09:00:00,1710.438,1800.0,1700.0,89.5619999999999,10.438000000000102,dn,10.438000000000102,89.5619999999999,dn,0.10438000000000101,True,0.895619999999999,10-20
102374,2020-04-30 09:00:00,1711.298,1800.0,1700.0,88.702,11.298000000000002,dn,11.298000000000002,88.702,dn,0.11298000000000002,True,0.8870199999999999,10-20
102466,2020-05-01 09:00:00,1688.228,1700.0,1600.0,11.771999999999935,88.22800000000007,up,11.771999999999935,88.22800000000007,up,0.8822800000000006,True,0.8822800000000006,10-20
102558,2020-05-04 09:00:00,1698.475,1700.0,1600.0,1.525000000000091,98.47499999999991,up,1.525000000000091,98.47499999999991,up,0.9847499999999991,True,0.9847499999999991,0-10
102650,2020-05-05 09:00:00,1698.548,1700.0,1600.0,1.4519999999999982,98.548,up,1.4519999999999982,98.548,up,0.98548,True,0.98548,0-10
102742,2020-05-06 09:00:00,1701.238,1800.0,1700.0,98.76199999999994,1.2380000000000564,dn,1.2380000000000564,98.76199999999994,dn,0.012380000000000564,True,0.9876199999999994,0-10
102834,2020-05-07 09:00:00,1689.975,1700.0,1600.0,10.025000000000091,89.97499999999991,up,10.025000000000091,89.97499999999991,up,0.899749999999999,True,0.899749999999999,10-20
103018,2020-05-11 09:00:00,1709.098,1800.0,1700.0,90.90200000000004,9.097999999999956,dn,9.097999999999956,90.90200000000004,dn,0.09097999999999956,True,0.9090200000000004,0-10
103110,2020-05-12 09:00:00,1700.658,1800.0,1700.0,99.3420000000001,0.6579999999999018,dn,0.6579999999999018,99.3420000000001,dn,0.006579999999999018,True,0.993420000000001,0-10
103202,2020-05-13 09:00:00,1702.128,1800.0,1700.0,97.87200000000007,2.127999999999929,dn,2.127999999999929,97.87200000000007,dn,0.02127999999999929,True,0.9787200000000007,0-10
104106,2020-05-27 09:00:00,1712.948,1800.0,1700.0,87.05199999999991,12.948000000000093,dn,12.948000000000093,87.05199999999991,dn,0.12948000000000093,True,0.8705199999999991,10-20
104566,2020-06-03 09:00:00,1726.828,1800.0,1700.0,73.17200000000003,26.827999999999975,dn,26.827999999999975,73.17200000000003,dn,0.26827999999999974,True,0.7317200000000003,20-30
104658,2020-06-04 09:00:00,1703.098,1800.0,1700.0,96.90200000000004,3.0979999999999563,dn,3.0979999999999563,96.90200000000004,dn,0.030979999999999563,True,0.9690200000000004,0-10
104750,2020-06-05 09:00:00,1707.248,1800.0,1700.0,92.75199999999995,7.248000000000047,dn,7.248000000000047,92.75199999999995,dn,0.07248000000000047,True,0.9275199999999996,0-10
104842,2020-06-08 09:00:00,1688.038,1700.0,1600.0,11.961999999999989,88.03800000000001,up,11.961999999999989,88.03800000000001,up,0.8803800000000002,True,0.8803800000000002,10-20
104934,2020-06-09 09:00:00,1696.218,1700.0,1600.0,3.7819999999999254,96.21800000000007,up,3.7819999999999254,96.21800000000007,up,0.9621800000000007,True,0.9621800000000007,0-10
106850,2020-07-08 09:00:00,1794.575,1800.0,1700.0,5.4249999999999545,94.57500000000005,up,5.4249999999999545,94.57500000000005,up,0.9457500000000004,True,0.9457500000000004,0-10
106942,2020-07-09 09:00:00,1808.445,1900.0,1800.0,91.55500000000006,8.444999999999936,dn,8.444999999999936,91.55500000000006,dn,0.08444999999999936,True,0.9155500000000006,0-10
107034,2020-07-10 09:00:00,1800.778,1900.0,1800.0,99.22199999999998,0.77800000000002,dn,0.77800000000002,99.22199999999998,dn,0.0077800000000002,True,0.9922199999999998,0-10
107126,2020-07-13 09:00:00,1804.718,1900.0,1800.0,95.28199999999993,4.718000000000075,dn,4.718000000000075,95.28199999999993,dn,0.04718000000000075,True,0.9528199999999992,0-10
107218,2020-07-14 09:00:00,1798.528,1800.0,1700.0,1.47199999999998,98.52800000000002,up,1.47199999999998,98.52800000000002,up,0.9852800000000002,True,0.9852800000000002,0-10
107402,2020-07-16 09:00:00,1809.095,1900.0,1800.0,90.90499999999997,9.095000000000027,dn,9.095000000000027,90.90499999999997,dn,0.09095000000000027,True,0.9090499999999997,0-10
107494,2020-07-17 09:00:00,1798.165,1800.0,1700.0,1.8350000000000364,98.16499999999996,up,1.8350000000000364,98.16499999999996,up,0.9816499999999997,True,0.9816499999999997,0-10
107954,2020-07-24 09:00:00,1887.645,1900.0,1800.0,12.355000000000018,87.64499999999998,up,12.355000000000018,87.64499999999998,up,0.8764499999999998,True,0.8764499999999998,10-20
108598,2020-08-04 09:00:00,1975.638,2000.0,1900.0,24.36200000000008,75.63799999999992,up,24.36200000000008,75.63799999999992,up,0.7563799999999992,True,0.7563799999999992,20-30
109058,2020-08-11 09:00:00,2017.735,2100.0,2000.0,82.2650000000001,17.7349999999999,dn,17.7349999999999,82.2650000000001,dn,0.177349999999999,True,0.822650000000001,10-20
109150,2020-08-12 09:00:00,1889.468,1900.0,1800.0,10.531999999999925,89.46800000000007,up,10.531999999999925,89.46800000000007,up,0.8946800000000007,True,0.8946800000000007,10-20
109518,2020-08-18 09:00:00,1988.715,2000.0,1900.0,11.285000000000082,88.71499999999992,up,11.285000000000082,88.71499999999992,up,0.8871499999999992,True,0.8871499999999992,10-20
111710,2020-09-21 09:00:00,1953.855,2000.0,1900.0,46.14499999999998,53.85500000000002,up,46.14499999999998,53.85500000000002,dn,0.5385500000000002,False,0.5385500000000002,40-50
111802,2020-09-22 09:00:00,1912.415,2000.0,1900.0,87.58500000000004,12.414999999999964,dn,12.414999999999964,87.58500000000004,dn,0.12414999999999964,True,0.8758500000000004,10-20
112354,2020-09-30 09:00:00,1889.698,1900.0,1800.0,10.301999999999907,89.69800000000009,up,10.301999999999907,89.69800000000009,up,0.8969800000000009,True,0.8969800000000009,10-20
112446,2020-10-01 09:00:00,1891.158,1900.0,1800.0,8.842000000000098,91.1579999999999,up,8.842000000000098,91.1579999999999,up,0.9115799999999991,True,0.9115799999999991,0-10
112538,2020-10-02 09:00:00,1895.015,1900.0,1800.0,4.9849999999999,95.0150000000001,up,4.9849999999999,95.0150000000001,up,0.950150000000001,True,0.950150000000001,0-10
112630,2020-10-05 09:00:00,1896.348,1900.0,1800.0,3.6520000000000437,96.34799999999996,up,3.6520000000000437,96.34799999999996,up,0.9634799999999996,True,0.9634799999999996,0-10
112722,2020-10-06 09:00:00,1910.158,2000.0,1900.0,89.8420000000001,10.157999999999902,dn,10.157999999999902,89.8420000000001,dn,0.10157999999999902,True,0.898420000000001,10-20
112906,2020-10-08 09:00:00,1884.345,1900.0,1800.0,15.654999999999973,84.34500000000003,up,15.654999999999973,84.34500000000003,up,0.8434500000000003,True,0.8434500000000003,10-20
113182,2020-10-13 09:00:00,1911.645,2000.0,1900.0,88.35500000000002,11.644999999999982,dn,11.644999999999982,88.35500000000002,dn,0.11644999999999982,True,0.8835500000000002,10-20
113274,2020-10-14 09:00:00,1895.405,1900.0,1800.0,4.595000000000027,95.40499999999997,up,4.595000000000027,95.40499999999997,up,0.9540499999999997,True,0.9540499999999997,0-10
113366,2020-10-15 09:00:00,1896.668,1900.0,1800.0,3.3320000000001073,96.66799999999989,up,3.3320000000001073,96.66799999999989,up,0.9666799999999989,True,0.9666799999999989,0-10
113458,2020-10-16 09:00:00,1905.438,2000.0,1900.0,94.5619999999999,5.438000000000102,dn,5.438000000000102,94.5619999999999,dn,0.05438000000000102,True,0.945619999999999,0-10
113550,2020-10-19 09:00:00,1900.638,2000.0,1900.0,99.36200000000008,0.63799999999992,dn,0.63799999999992,99.36200000000008,dn,0.0063799999999992,True,0.9936200000000008,0-10
113642,2020-10-20 09:00:00,1902.595,2000.0,1900.0,97.40499999999997,2.5950000000000273,dn,2.5950000000000273,97.40499999999997,dn,0.02595000000000027,True,0.9740499999999997,0-10
113826,2020-10-22 09:00:00,1913.245,2000.0,1900.0,86.75500000000011,13.24499999999989,dn,13.24499999999989,86.75500000000011,dn,0.1324499999999989,True,0.8675500000000012,10-20
113918,2020-10-23 09:00:00,1905.388,2000.0,1900.0,94.61200000000008,5.38799999999992,dn,5.38799999999992,94.61200000000008,dn,0.0538799999999992,True,0.9461200000000008,0-10
114010,2020-10-26 09:00:00,1897.878,1900.0,1800.0,2.122000000000071,97.87799999999993,up,2.122000000000071,97.87799999999993,up,0.9787799999999993,True,0.9787799999999993,0-10
114102,2020-10-27 09:00:00,1907.845,2000.0,1900.0,92.15499999999997,7.845000000000027,dn,7.845000000000027,92.15499999999997,dn,0.07845000000000027,True,0.9215499999999998,0-10
114194,2020-10-28 09:00:00,1906.195,2000.0,1900.0,93.80500000000006,6.194999999999936,dn,6.194999999999936,93.80500000000006,dn,0.06194999999999937,True,0.9380500000000006,0-10
114558,2020-11-03 09:00:00,1892.045,1900.0,1800.0,7.954999999999927,92.04500000000007,up,7.954999999999927,92.04500000000007,up,0.9204500000000008,True,0.9204500000000008,0-10
114650,2020-11-04 09:00:00,1895.495,1900.0,1800.0,4.505000000000109,95.49499999999989,up,4.505000000000109,95.49499999999989,up,0.9549499999999989,True,0.9549499999999989,0-10
114926,2020-11-09 09:00:00,1955.808,2000.0,1900.0,44.19200000000001,55.80799999999999,up,44.19200000000001,55.80799999999999,dn,0.5580799999999999,False,0.5580799999999999,40-50
115938,2020-11-24 09:00:00,1826.905,1900.0,1800.0,73.09500000000003,26.904999999999973,dn,26.904999999999973,73.09500000000003,dn,0.26904999999999973,True,0.7309500000000002,20-30
116198,2020-11-27 09:00:00,1808.318,1900.0,1800.0,91.68200000000002,8.317999999999984,dn,8.317999999999984,91.68200000000002,dn,0.08317999999999984,True,0.9168200000000002,0-10
116369,2020-12-01 09:00:00,1785.138,1800.0,1700.0,14.86200000000008,85.13799999999992,up,14.86200000000008,85.13799999999992,up,0.8513799999999992,True,0.8513799999999992,10-20
117657,2020-12-21 09:00:00,1894.068,1900.0,1800.0,5.932000000000016,94.06799999999998,up,5.932000000000016,94.06799999999998,up,0.9406799999999998,True,0.9406799999999998,0-10
117933,2020-12-24 09:00:00,1875.448,1900.0,1800.0,24.551999999999907,75.44800000000009,up,24.551999999999907,75.44800000000009,up,0.7544800000000009,True,0.7544800000000009,20-30
118288,2020-12-31 09:00:00,1888.635,1900.0,1800.0,11.365000000000009,88.63499999999999,up,11.365000000000009,88.63499999999999,up,0.8863499999999999,True,0.8863499999999999,10-20
118748,2021-01-08 09:00:00,1910.498,2000.0,1900.0,89.50199999999995,10.498000000000047,dn,10.498000000000047,89.50199999999995,dn,0.10498000000000048,True,0.8950199999999995,10-20
120480,2021-02-04 09:00:00,1822.335,1900.0,1800.0,77.66499999999996,22.335000000000036,dn,22.335000000000036,77.66499999999996,dn,0.22335000000000035,True,0.7766499999999996,20-30
120572,2021-02-05 09:00:00,1795.715,1800.0,1700.0,4.285000000000082,95.71499999999992,up,4.285000000000082,95.71499999999992,up,0.9571499999999992,True,0.9571499999999992,0-10
121200,2021-02-16 09:00:00,1824.143,1900.0,1800.0,75.85699999999997,24.14300000000003,dn,24.14300000000003,75.85699999999997,dn,0.24143000000000028,True,0.7585699999999997,20-30
121568,2021-02-22 09:00:00,1785.245,1800.0,1700.0,14.75500000000011,85.24499999999989,up,14.75500000000011,85.24499999999989,up,0.8524499999999989,True,0.8524499999999989,10-20
121660,2021-02-23 09:00:00,1812.595,1900.0,1800.0,87.40499999999997,12.595000000000027,dn,12.595000000000027,87.40499999999997,dn,0.12595000000000028,True,0.8740499999999998,10-20
121752,2021-02-24 09:00:00,1809.27,1900.0,1800.0,90.73000000000002,9.269999999999982,dn,9.269999999999982,90.73000000000002,dn,0.09269999999999982,True,0.9073000000000002,0-10
121844,2021-02-25 09:00:00,1796.045,1800.0,1700.0,3.9549999999999272,96.04500000000007,up,3.9549999999999272,96.04500000000007,up,0.9604500000000007,True,0.9604500000000007,0-10
122304,2021-03-04 09:00:00,1710.114,1800.0,1700.0,89.88599999999997,10.114000000000033,dn,10.114000000000033,89.88599999999997,dn,0.10114000000000033,True,0.8988599999999997,10-20
122396,2021-03-05 09:00:00,1694.325,1700.0,1600.0,5.6749999999999545,94.32500000000005,up,5.6749999999999545,94.32500000000005,up,0.9432500000000005,True,0.9432500000000005,0-10
122488,2021-03-08 09:00:00,1707.798,1800.0,1700.0,92.202,7.798000000000002,dn,7.798000000000002,92.202,dn,0.07798000000000002,True,0.92202,0-10
122580,2021-03-09 09:00:00,1689.124,1700.0,1600.0,10.875999999999976,89.12400000000002,up,10.875999999999976,89.12400000000002,up,0.8912400000000003,True,0.8912400000000003,10-20
122856,2021-03-12 09:00:00,1718.264,1800.0,1700.0,81.7360000000001,18.263999999999896,dn,18.263999999999896,81.7360000000001,dn,0.18263999999999897,True,0.817360000000001,10-20
123964,2021-03-30 09:00:00,1706.288,1800.0,1700.0,93.71199999999999,6.288000000000011,dn,6.288000000000011,93.71199999999999,dn,0.0628800000000001,True,0.93712,0-10
124056,2021-03-31 09:00:00,1679.708,1700.0,1600.0,20.291999999999916,79.70800000000008,up,20.291999999999916,79.70800000000008,up,0.7970800000000008,True,0.7970800000000008,20-30
126356,2021-05-06 09:00:00,1789.678,1800.0,1700.0,10.321999999999889,89.67800000000011,up,10.321999999999889,89.67800000000011,up,0.8967800000000011,True,0.8967800000000011,10-20
127552,2021-05-25 09:00:00,1878.838,1900.0,1800.0,21.162000000000035,78.83799999999997,up,21.162000000000035,78.83799999999997,up,0.7883799999999996,True,0.7883799999999996,20-30
127644,2021-05-26 09:00:00,1907.078,2000.0,1900.0,92.92200000000003,7.0779999999999745,dn,7.0779999999999745,92.92200000000003,dn,0.07077999999999975,True,0.9292200000000003,0-10
127736,2021-05-27 09:00:00,1895.258,1900.0,1800.0,4.741999999999962,95.25800000000004,up,4.741999999999962,95.25800000000004,up,0.9525800000000004,True,0.9525800000000004,0-10
127828,2021-05-28 09:00:00,1893.625,1900.0,1800.0,6.375,93.625,up,6.375,93.625,up,0.93625,True,0.93625,0-10
127996,2021-06-01 09:00:00,1913.008,2000.0,1900.0,86.99199999999996,13.008000000000038,dn,13.008000000000038,86.99199999999996,dn,0.1300800000000004,True,0.8699199999999996,10-20
128088,2021-06-02 09:00:00,1896.275,1900.0,1800.0,3.724999999999909,96.27500000000009,up,3.724999999999909,96.27500000000009,up,0.9627500000000009,True,0.9627500000000009,0-10
128180,2021-06-03 09:00:00,1904.248,2000.0,1900.0,95.75199999999995,4.248000000000047,dn,4.248000000000047,95.75199999999995,dn,0.042480000000000476,True,0.9575199999999995,0-10
128364,2021-06-07 09:00:00,1886.875,1900.0,1800.0,13.125,86.875,up,13.125,86.875,up,0.86875,True,0.86875,10-20
128456,2021-06-08 09:00:00,1896.498,1900.0,1800.0,3.5019999999999527,96.49800000000005,up,3.5019999999999527,96.49800000000005,up,0.9649800000000005,True,0.9649800000000005,0-10
128640,2021-06-10 09:00:00,1887.108,1900.0,1800.0,12.892000000000053,87.10799999999995,up,12.892000000000053,87.10799999999995,up,0.8710799999999995,True,0.8710799999999995,10-20
128732,2021-06-11 09:00:00,1900.448,2000.0,1900.0,99.55199999999991,0.44800000000009277,dn,0.44800000000009277,99.55199999999991,dn,0.004480000000000928,True,0.9955199999999991,0-10
129100,2021-06-17 09:00:00,1822.888,1900.0,1800.0,77.11200000000008,22.88799999999992,dn,22.88799999999992,77.11200000000008,dn,0.2288799999999992,True,0.7711200000000008,20-30
130204,2021-07-05 09:00:00,1787.548,1800.0,1700.0,12.451999999999998,87.548,up,12.451999999999998,87.548,up,0.87548,True,0.87548,10-20
130280,2021-07-06 09:00:00,1798.138,1800.0,1700.0,1.86200000000008,98.13799999999992,up,1.86200000000008,98.13799999999992,up,0.9813799999999993,True,0.9813799999999993,0-10
130372,2021-07-07 09:00:00,1800.278,1900.0,1800.0,99.72199999999998,0.27800000000002,dn,0.27800000000002,99.72199999999998,dn,0.0027800000000002003,True,0.9972199999999998,0-10
130464,2021-07-08 09:00:00,1797.465,1800.0,1700.0,2.535000000000082,97.46499999999992,up,2.535000000000082,97.46499999999992,up,0.9746499999999991,True,0.9746499999999991,0-10
130556,2021-07-09 09:00:00,1804.918,1900.0,1800.0,95.08200000000011,4.917999999999893,dn,4.917999999999893,95.08200000000011,dn,0.049179999999998926,True,0.9508200000000011,0-10
130648,2021-07-12 09:00:00,1802.998,1900.0,1800.0,97.00199999999995,2.9980000000000473,dn,2.9980000000000473,97.00199999999995,dn,0.02998000000000047,True,0.9700199999999995,0-10
130740,2021-07-13 09:00:00,1810.718,1900.0,1800.0,89.28199999999993,10.718000000000075,dn,10.718000000000075,89.28199999999993,dn,0.10718000000000075,True,0.8928199999999993,10-20
131108,2021-07-19 09:00:00,1813.425,1900.0,1800.0,86.57500000000005,13.424999999999955,dn,13.424999999999955,86.57500000000005,dn,0.13424999999999954,True,0.8657500000000005,10-20
131292,2021-07-21 09:00:00,1808.538,1900.0,1800.0,91.46199999999999,8.538000000000011,dn,8.538000000000011,91.46199999999999,dn,0.08538000000000011,True,0.9146199999999999,0-10
131384,2021-07-22 09:00:00,1797.998,1800.0,1700.0,2.0019999999999527,97.99800000000005,up,2.0019999999999527,97.99800000000005,up,0.9799800000000005,True,0.9799800000000005,0-10
131476,2021-07-23 09:00:00,1803.618,1900.0,1800.0,96.38200000000006,3.617999999999938,dn,3.617999999999938,96.38200000000006,dn,0.03617999999999938,True,0.9638200000000006,0-10
131568,2021-07-26 09:00:00,1805.958,1900.0,1800.0,94.04199999999992,5.958000000000084,dn,5.958000000000084,94.04199999999992,dn,0.059580000000000834,True,0.9404199999999991,0-10
131660,2021-07-27 09:00:00,1799.158,1800.0,1700.0,0.8420000000000982,99.1579999999999,up,0.8420000000000982,99.1579999999999,up,0.991579999999999,True,0.991579999999999,0-10
131752,2021-07-28 09:00:00,1806.218,1900.0,1800.0,93.78199999999993,6.218000000000075,dn,6.218000000000075,93.78199999999993,dn,0.06218000000000075,True,0.9378199999999992,0-10
132304,2021-08-05 09:00:00,1811.348,1900.0,1800.0,88.65200000000004,11.347999999999956,dn,11.347999999999956,88.65200000000004,dn,0.11347999999999957,True,0.8865200000000004,10-20
132396,2021-08-06 09:00:00,1800.138,1900.0,1800.0,99.86200000000008,0.13799999999991996,dn,0.13799999999991996,99.86200000000008,dn,0.0013799999999991996,True,0.9986200000000008,0-10
133408,2021-08-23 09:00:00,1786.788,1800.0,1700.0,13.211999999999989,86.78800000000001,up,13.211999999999989,86.78800000000001,up,0.8678800000000001,True,0.8678800000000001,10-20
133500,2021-08-24 09:00:00,1801.778,1900.0,1800.0,98.22199999999998,1.77800000000002,dn,1.77800000000002,98.22199999999998,dn,0.0177800000000002,True,0.9822199999999998,0-10
133776,2021-08-27 09:00:00,1798.878,1800.0,1700.0,1.122000000000071,98.87799999999993,up,1.122000000000071,98.87799999999993,up,0.9887799999999993,True,0.9887799999999993,0-10
134404,2021-09-07 09:00:00,1824.178,1900.0,1800.0,75.82199999999989,24.17800000000011,dn,24.17800000000011,75.82199999999989,dn,0.2417800000000011,True,0.7582199999999989,20-30
134496,2021-09-08 09:00:00,1797.732,1800.0,1700.0,2.268000000000029,97.73199999999997,up,2.268000000000029,97.73199999999997,up,0.9773199999999997,True,0.9773199999999997,0-10
134588,2021-09-09 09:00:00,1788.048,1800.0,1700.0,11.951999999999998,88.048,up,11.951999999999998,88.048,up,0.88048,True,0.88048,10-20
134680,2021-09-10 09:00:00,1798.548,1800.0,1700.0,1.4519999999999982,98.548,up,1.4519999999999982,98.548,up,0.98548,True,0.98548,0-10
134864,2021-09-14 09:00:00,1790.708,1800.0,1700.0,9.291999999999916,90.70800000000008,up,9.291999999999916,90.70800000000008,up,0.9070800000000009,True,0.9070800000000009,0-10
134956,2021-09-15 09:00:00,1803.005,1900.0,1800.0,96.99499999999989,3.005000000000109,dn,3.005000000000109,96.99499999999989,dn,0.03005000000000109,True,0.9699499999999989,0-10
136888,2021-10-14 09:00:00,1789.618,1800.0,1700.0,10.382000000000062,89.61799999999994,up,10.382000000000062,89.61799999999994,up,0.8961799999999994,True,0.8961799999999994,10-20
137440,2021-10-22 09:00:00,1787.698,1800.0,1700.0,12.301999999999907,87.69800000000009,up,12.301999999999907,87.69800000000009,up,0.876980000000001,True,0.876980000000001,10-20
137532,2021-10-25 09:00:00,1797.578,1800.0,1700.0,2.4220000000000255,97.57799999999997,up,2.4220000000000255,97.57799999999997,up,0.9757799999999998,True,0.9757799999999998,0-10
137624,2021-10-26 09:00:00,1803.544,1900.0,1800.0,96.4559999999999,3.5440000000000964,dn,3.5440000000000964,96.4559999999999,dn,0.035440000000000964,True,0.9645599999999991,0-10
137716,2021-10-27 09:00:00,1788.065,1800.0,1700.0,11.934999999999945,88.06500000000005,up,11.934999999999945,88.06500000000005,up,0.8806500000000006,True,0.8806500000000006,10-20
137808,2021-10-28 09:00:00,1799.354,1800.0,1700.0,0.6459999999999582,99.35400000000004,up,0.6459999999999582,99.35400000000004,up,0.9935400000000004,True,0.9935400000000004,0-10
138360,2021-11-05 09:00:00,1793.264,1800.0,1700.0,6.736000000000104,93.2639999999999,up,6.736000000000104,93.2639999999999,up,0.9326399999999989,True,0.9326399999999989,0-10
139460,2021-11-23 09:00:00,1808.984,1900.0,1800.0,91.01600000000008,8.983999999999924,dn,8.983999999999924,91.01600000000008,dn,0.08983999999999924,True,0.9101600000000007,0-10
139736,2021-11-26 09:00:00,1796.808,1800.0,1700.0,3.1920000000000073,96.80799999999999,up,3.1920000000000073,96.80799999999999,up,0.9680799999999999,True,0.9680799999999999,0-10
139907,2021-11-30 09:00:00,1788.649,1800.0,1700.0,11.351000000000113,88.64899999999989,up,11.351000000000113,88.64899999999989,up,0.8864899999999989,True,0.8864899999999989,10-20
141011,2021-12-16 09:00:00,1782.535,1800.0,1700.0,17.464999999999918,82.53500000000008,up,17.464999999999918,82.53500000000008,up,0.8253500000000008,True,0.8253500000000008,10-20
141103,2021-12-17 09:00:00,1803.108,1900.0,1800.0,96.89200000000005,3.1079999999999472,dn,3.1079999999999472,96.89200000000005,dn,0.031079999999999473,True,0.9689200000000006,0-10
141195,2021-12-20 09:00:00,1801.588,1900.0,1800.0,98.41200000000003,1.5879999999999654,dn,1.5879999999999654,98.41200000000003,dn,0.015879999999999655,True,0.9841200000000003,0-10
141287,2021-12-21 09:00:00,1790.468,1800.0,1700.0,9.531999999999925,90.46800000000007,up,9.531999999999925,90.46800000000007,up,0.9046800000000007,True,0.9046800000000007,0-10
141379,2021-12-22 09:00:00,1790.355,1800.0,1700.0,9.644999999999982,90.35500000000002,up,9.644999999999982,90.35500000000002,up,0.9035500000000002,True,0.9035500000000002,0-10
141471,2021-12-23 09:00:00,1805.698,1900.0,1800.0,94.30199999999991,5.698000000000093,dn,5.698000000000093,94.30199999999991,dn,0.056980000000000926,True,0.9430199999999991,0-10
141747,2021-12-29 09:00:00,1807.258,1900.0,1800.0,92.74199999999996,7.258000000000038,dn,7.258000000000038,92.74199999999996,dn,0.07258000000000038,True,0.9274199999999996,0-10
141839,2021-12-30 09:00:00,1803.069,1900.0,1800.0,96.93100000000004,3.06899999999996,dn,3.06899999999996,96.93100000000004,dn,0.0306899999999996,True,0.9693100000000004,0-10
142023,2022-01-03 09:00:00,1825.238,1900.0,1800.0,74.76199999999994,25.238000000000056,dn,25.238000000000056,74.76199999999994,dn,0.25238000000000055,True,0.7476199999999995,20-30
142115,2022-01-04 09:00:00,1804.578,1900.0,1800.0,95.42200000000003,4.5779999999999745,dn,4.5779999999999745,95.42200000000003,dn,0.045779999999999745,True,0.9542200000000003,0-10
142299,2022-01-06 09:00:00,1807.928,1900.0,1800.0,92.07199999999989,7.928000000000111,dn,7.928000000000111,92.07199999999989,dn,0.07928000000000111,True,0.9207199999999989,0-10
142483,2022-01-10 09:00:00,1792.108,1800.0,1700.0,7.892000000000053,92.10799999999995,up,7.892000000000053,92.10799999999995,up,0.9210799999999995,True,0.9210799999999995,0-10
143663,2022-01-27 09:00:00,1816.158,1900.0,1800.0,83.8420000000001,16.1579999999999,dn,16.1579999999999,83.8420000000001,dn,0.16157999999999903,True,0.8384200000000009,10-20
143939,2022-02-01 09:00:00,1797.678,1800.0,1700.0,2.321999999999889,97.67800000000011,up,2.321999999999889,97.67800000000011,up,0.9767800000000011,True,0.9767800000000011,0-10
144031,2022-02-02 09:00:00,1797.805,1800.0,1700.0,2.1949999999999363,97.80500000000006,up,2.1949999999999363,97.80500000000006,up,0.9780500000000006,True,0.9780500000000006,0-10
144123,2022-02-03 09:00:00,1807.182,1900.0,1800.0,92.81799999999998,7.182000000000016,dn,7.182000000000016,92.81799999999998,dn,0.07182000000000016,True,0.9281799999999998,0-10
144215,2022-02-04 09:00:00,1806.218,1900.0,1800.0,93.78199999999993,6.218000000000075,dn,6.218000000000075,93.78199999999993,dn,0.06218000000000075,True,0.9378199999999992,0-10
145043,2022-02-17 09:00:00,1869.058,1900.0,1800.0,30.942000000000007,69.05799999999999,up,30.942000000000007,69.05799999999999,up,0.69058,True,0.69058,30-40
145135,2022-02-18 09:00:00,1890.968,1900.0,1800.0,9.031999999999925,90.96800000000007,up,9.031999999999925,90.96800000000007,up,0.9096800000000007,True,0.9096800000000007,0-10
145227,2022-02-21 09:00:00,1897.788,1900.0,1800.0,2.211999999999989,97.78800000000001,up,2.211999999999989,97.78800000000001,up,0.9778800000000001,True,0.9778800000000001,0-10
145309,2022-02-22 09:00:00,1909.488,2000.0,1900.0,90.51199999999994,9.488000000000056,dn,9.488000000000056,90.51199999999994,dn,0.09488000000000056,True,0.9051199999999995,0-10
145401,2022-02-23 09:00:00,1899.099,1900.0,1800.0,0.9010000000000673,99.09899999999993,up,0.9010000000000673,99.09899999999993,up,0.9909899999999994,True,0.9909899999999994,0-10
145493,2022-02-24 09:00:00,1927.703,2000.0,1900.0,72.29700000000003,27.702999999999975,dn,27.702999999999975,72.29700000000003,dn,0.2770299999999997,True,0.7229700000000003,20-30
145585,2022-02-25 09:00:00,1913.678,2000.0,1900.0,86.32199999999989,13.678000000000111,dn,13.678000000000111,86.32199999999989,dn,0.13678000000000112,True,0.8632199999999989,10-20
145677,2022-02-28 09:00:00,1906.128,2000.0,1900.0,93.87200000000007,6.127999999999929,dn,6.127999999999929,93.87200000000007,dn,0.06127999999999929,True,0.9387200000000007,0-10
146045,2022-03-04 09:00:00,1939.518,2000.0,1900.0,60.48199999999997,39.51800000000003,dn,39.51800000000003,60.48199999999997,up,0.3951800000000003,False,0.6048199999999997,30-40
146137,2022-03-07 09:00:00,1987.328,2000.0,1900.0,12.672000000000025,87.32799999999997,up,12.672000000000025,87.32799999999997,up,0.8732799999999997,True,0.8732799999999997,10-20
146229,2022-03-08 09:00:00,1986.768,2000.0,1900.0,13.231999999999971,86.76800000000003,up,13.231999999999971,86.76800000000003,up,0.8676800000000003,True,0.8676800000000003,10-20
146321,2022-03-09 09:00:00,2054.318,2100.0,2000.0,45.68199999999979,54.31800000000021,up,45.68199999999979,54.31800000000021,dn,0.5431800000000021,False,0.5431800000000021,40-50
146413,2022-03-10 09:00:00,1976.462,2000.0,1900.0,23.53800000000001,76.46199999999999,up,23.53800000000001,76.46199999999999,up,0.7646199999999999,True,0.7646199999999999,20-30
146785,2022-03-16 09:00:00,1918.423,2000.0,1900.0,81.577,18.423000000000002,dn,18.423000000000002,81.577,dn,0.18423,True,0.81577,10-20
147613,2022-03-29 09:00:00,1926.167,2000.0,1900.0,73.83300000000008,26.166999999999916,dn,26.166999999999916,73.83300000000008,dn,0.2616699999999992,True,0.7383300000000008,20-30
149269,2022-04-25 09:00:00,1922.648,2000.0,1900.0,77.35200000000009,22.64799999999991,dn,22.64799999999991,77.35200000000009,dn,0.2264799999999991,True,0.7735200000000009,20-30
149361,2022-04-26 09:00:00,1902.848,2000.0,1900.0,97.15200000000004,2.8479999999999563,dn,2.8479999999999563,97.15200000000004,dn,0.028479999999999565,True,0.9715200000000004,0-10
149453,2022-04-27 09:00:00,1898.508,1900.0,1800.0,1.4919999999999618,98.50800000000004,up,1.4919999999999618,98.50800000000004,up,0.9850800000000004,True,0.9850800000000004,0-10
149545,2022-04-28 09:00:00,1880.493,1900.0,1800.0,19.507000000000062,80.49299999999994,up,19.507000000000062,80.49299999999994,up,0.8049299999999994,True,0.8049299999999994,10-20
149637,2022-04-29 09:00:00,1902.328,2000.0,1900.0,97.67200000000003,2.3279999999999745,dn,2.3279999999999745,97.67200000000003,dn,0.023279999999999745,True,0.9767200000000003,0-10
149913,2022-05-04 09:00:00,1865.028,1900.0,1800.0,34.97199999999998,65.02800000000002,up,34.97199999999998,65.02800000000002,up,0.6502800000000002,True,0.6502800000000002,30-40
150005,2022-05-05 09:00:00,1901.873,2000.0,1900.0,98.12699999999995,1.8730000000000473,dn,1.8730000000000473,98.12699999999995,dn,0.018730000000000472,True,0.9812699999999995,0-10
150557,2022-05-13 09:00:00,1825.728,1900.0,1800.0,74.27199999999993,25.728000000000065,dn,25.728000000000065,74.27199999999993,dn,0.2572800000000007,True,0.7427199999999994,20-30
150649,2022-05-16 09:00:00,1809.788,1900.0,1800.0,90.21199999999999,9.788000000000011,dn,9.788000000000011,90.21199999999999,dn,0.0978800000000001,True,0.9021199999999999,0-10
153757,2022-07-01 09:00:00,1802.9,1900.0,1800.0,97.09999999999991,2.900000000000091,dn,2.900000000000091,97.09999999999991,dn,0.02900000000000091,True,0.9709999999999991,0-10
153931,2022-07-05 09:00:00,1810.648,1900.0,1800.0,89.35200000000009,10.64799999999991,dn,10.64799999999991,89.35200000000009,dn,0.1064799999999991,True,0.8935200000000009,10-20
154575,2022-07-14 09:00:00,1733.038,1800.0,1700.0,66.96199999999999,33.03800000000001,dn,33.03800000000001,66.96199999999999,dn,0.3303800000000001,True,0.6696199999999999,30-40
154667,2022-07-15 09:00:00,1708.648,1800.0,1700.0,91.35200000000009,8.64799999999991,dn,8.64799999999991,91.35200000000009,dn,0.08647999999999911,True,0.9135200000000009,0-10
154943,2022-07-20 09:00:00,1712.504,1800.0,1700.0,87.4960000000001,12.503999999999905,dn,12.503999999999905,87.4960000000001,dn,0.12503999999999904,True,0.874960000000001,10-20
155035,2022-07-21 09:00:00,1691.778,1700.0,1600.0,8.22199999999998,91.77800000000002,up,8.22199999999998,91.77800000000002,up,0.9177800000000002,True,0.9177800000000002,0-10
156231,2022-08-09 09:00:00,1786.214,1800.0,1700.0,13.786000000000058,86.21399999999994,up,13.786000000000058,86.21399999999994,up,0.8621399999999995,True,0.8621399999999995,10-20
156323,2022-08-10 09:00:00,1792.464,1800.0,1700.0,7.536000000000058,92.46399999999994,up,7.536000000000058,92.46399999999994,up,0.9246399999999995,True,0.9246399999999995,0-10
156507,2022-08-12 09:00:00,1790.218,1800.0,1700.0,9.781999999999925,90.21800000000007,up,9.781999999999925,90.21800000000007,up,0.9021800000000008,True,0.9021800000000008,0-10
157795,2022-09-01 09:00:00,1706.104,1800.0,1700.0,93.89599999999996,6.104000000000042,dn,6.104000000000042,93.89599999999996,dn,0.06104000000000042,True,0.9389599999999996,0-10
157887,2022-09-02 09:00:00,1699.615,1700.0,1600.0,0.3849999999999909,99.61500000000001,up,0.3849999999999909,99.61500000000001,up,0.9961500000000001,True,0.9961500000000001,0-10
158061,2022-09-06 09:00:00,1719.534,1800.0,1700.0,80.4659999999999,19.534000000000106,dn,19.534000000000106,80.4659999999999,dn,0.19534000000000107,True,0.8046599999999989,10-20
158153,2022-09-07 09:00:00,1693.388,1700.0,1600.0,6.61200000000008,93.38799999999992,up,6.61200000000008,93.38799999999992,up,0.9338799999999992,True,0.9338799999999992,0-10
158521,2022-09-13 09:00:00,1721.974,1800.0,1700.0,78.02600000000007,21.973999999999933,dn,21.973999999999933,78.02600000000007,dn,0.21973999999999932,True,0.7802600000000006,20-30
158613,2022-09-14 09:00:00,1701.668,1800.0,1700.0,98.33200000000011,1.6679999999998927,dn,1.6679999999998927,98.33200000000011,dn,0.01667999999999893,True,0.9833200000000011,0-10
159809,2022-10-03 09:00:00,1663.808,1700.0,1600.0,36.19200000000001,63.80799999999999,up,36.19200000000001,63.80799999999999,up,0.63808,True,0.63808,30-40
159901,2022-10-04 09:00:00,1695.628,1700.0,1600.0,4.372000000000071,95.62799999999993,up,4.372000000000071,95.62799999999993,up,0.9562799999999992,True,0.9562799999999992,0-10
160177,2022-10-07 09:00:00,1710.582,1800.0,1700.0,89.41799999999989,10.582000000000107,dn,10.582000000000107,89.41799999999989,dn,0.10582000000000108,True,0.8941799999999989,10-20
162197,2022-11-08 09:00:00,1673.255,1700.0,1600.0,26.74499999999989,73.25500000000011,up,26.74499999999989,73.25500000000011,up,0.7325500000000011,True,0.7325500000000011,20-30
163738,2022-12-01 09:00:00,1774.677,1800.0,1700.0,25.323000000000093,74.67699999999991,up,25.323000000000093,74.67699999999991,up,0.746769999999999,True,0.746769999999999,20-30
163830,2022-12-02 09:00:00,1797.067,1800.0,1700.0,2.9329999999999927,97.06700000000001,up,2.9329999999999927,97.06700000000001,up,0.97067,True,0.97067,0-10
163922,2022-12-05 09:00:00,1807.317,1900.0,1800.0,92.68299999999999,7.317000000000007,dn,7.317000000000007,92.68299999999999,dn,0.07317000000000007,True,0.9268299999999999,0-10
164290,2022-12-09 09:00:00,1794.998,1800.0,1700.0,5.001999999999953,94.99800000000005,up,5.001999999999953,94.99800000000005,up,0.9499800000000005,True,0.9499800000000005,0-10
164474,2022-12-13 09:00:00,1784.355,1800.0,1700.0,15.644999999999982,84.35500000000002,up,15.644999999999982,84.35500000000002,up,0.8435500000000001,True,0.8435500000000001,10-20
164566,2022-12-14 09:00:00,1810.935,1900.0,1800.0,89.06500000000005,10.934999999999945,dn,10.934999999999945,89.06500000000005,dn,0.10934999999999945,True,0.8906500000000006,10-20
164934,2022-12-20 09:00:00,1792.355,1800.0,1700.0,7.644999999999982,92.35500000000002,up,7.644999999999982,92.35500000000002,up,0.9235500000000002,True,0.9235500000000002,0-10
165118,2022-12-22 09:00:00,1818.205,1900.0,1800.0,81.79500000000007,18.204999999999927,dn,18.204999999999927,81.79500000000007,dn,0.18204999999999927,True,0.8179500000000007,10-20
165210,2022-12-23 09:00:00,1793.405,1800.0,1700.0,6.595000000000027,93.40499999999997,up,6.595000000000027,93.40499999999997,up,0.9340499999999997,True,0.9340499999999997,0-10
165394,2022-12-28 09:00:00,1811.757,1900.0,1800.0,88.24299999999994,11.757000000000062,dn,11.757000000000062,88.24299999999994,dn,0.11757000000000062,True,0.8824299999999994,10-20
166314,2023-01-12 09:00:00,1882.445,1900.0,1800.0,17.555000000000064,82.44499999999994,up,17.555000000000064,82.44499999999994,up,0.8244499999999994,True,0.8244499999999994,10-20
166406,2023-01-13 09:00:00,1898.108,1900.0,1800.0,1.8920000000000528,98.10799999999995,up,1.8920000000000528,98.10799999999995,up,0.9810799999999995,True,0.9810799999999995,0-10
166574,2023-01-17 09:00:00,1911.055,2000.0,1900.0,88.94499999999994,11.055000000000064,dn,11.055000000000064,88.94499999999994,dn,0.11055000000000063,True,0.8894499999999994,10-20
166666,2023-01-18 09:00:00,1902.055,2000.0,1900.0,97.94499999999994,2.0550000000000637,dn,2.0550000000000637,97.94499999999994,dn,0.020550000000000637,True,0.9794499999999994,0-10
167770,2023-02-03 09:00:00,1915.525,2000.0,1900.0,84.47499999999991,15.525000000000091,dn,15.525000000000091,84.47499999999991,dn,0.15525000000000092,True,0.8447499999999991,10-20
170166,2023-03-13 09:00:00,1882.725,1900.0,1800.0,17.27500000000009,82.72499999999991,up,17.27500000000009,82.72499999999991,up,0.827249999999999,True,0.827249999999999,10-20
170258,2023-03-14 09:00:00,1904.695,2000.0,1900.0,95.30500000000006,4.694999999999936,dn,4.694999999999936,95.30500000000006,dn,0.04694999999999936,True,0.9530500000000006,0-10
170350,2023-03-15 09:00:00,1903.765,2000.0,1900.0,96.2349999999999,3.7650000000001,dn,3.7650000000001,96.2349999999999,dn,0.037650000000001,True,0.962349999999999,0-10
170626,2023-03-20 09:00:00,1973.735,2000.0,1900.0,26.2650000000001,73.7349999999999,up,26.2650000000001,73.7349999999999,up,0.737349999999999,True,0.737349999999999,20-30
170902,2023-03-23 09:00:00,1973.455,2000.0,1900.0,26.545000000000073,73.45499999999993,up,26.545000000000073,73.45499999999993,up,0.7345499999999993,True,0.7345499999999993,20-30
170994,2023-03-24 09:00:00,1990.235,2000.0,1900.0,9.7650000000001,90.2349999999999,up,9.7650000000001,90.2349999999999,up,0.902349999999999,True,0.902349999999999,0-10
171638,2023-04-04 09:00:00,1979.425,2000.0,1900.0,20.575000000000045,79.42499999999995,up,20.575000000000045,79.42499999999995,up,0.7942499999999996,True,0.7942499999999996,20-30
171822,2023-04-06 09:00:00,2011.745,2100.0,2000.0,88.25500000000011,11.74499999999989,dn,11.74499999999989,88.25500000000011,dn,0.1174499999999989,True,0.8825500000000011,10-20
171914,2023-04-10 09:00:00,1992.715,2000.0,1900.0,7.285000000000082,92.71499999999992,up,7.285000000000082,92.71499999999992,up,0.9271499999999991,True,0.9271499999999991,0-10
172006,2023-04-11 09:00:00,1996.935,2000.0,1900.0,3.0650000000000546,96.93499999999995,up,3.0650000000000546,96.93499999999995,up,0.9693499999999995,True,0.9693499999999995,0-10
172282,2023-04-14 09:00:00,2043.305,2100.0,2000.0,56.694999999999936,43.305000000000064,dn,43.305000000000064,56.694999999999936,dn,0.43305000000000066,True,0.5669499999999994,40-50
172374,2023-04-17 09:00:00,2004.855,2100.0,2000.0,95.14499999999998,4.855000000000018,dn,4.855000000000018,95.14499999999998,dn,0.04855000000000018,True,0.9514499999999998,0-10
172466,2023-04-18 09:00:00,2001.015,2100.0,2000.0,98.9849999999999,1.0150000000001,dn,1.0150000000001,98.9849999999999,dn,0.010150000000001,True,0.989849999999999,0-10
172558,2023-04-19 09:00:00,2004.365,2100.0,2000.0,95.63499999999999,4.365000000000009,dn,4.365000000000009,95.63499999999999,dn,0.04365000000000009,True,0.9563499999999999,0-10
172650,2023-04-20 09:00:00,1992.255,2000.0,1900.0,7.744999999999891,92.25500000000011,up,7.744999999999891,92.25500000000011,up,0.9225500000000011,True,0.9225500000000011,0-10
172742,2023-04-21 09:00:00,2001.705,2100.0,2000.0,98.29500000000007,1.7049999999999272,dn,1.7049999999999272,98.29500000000007,dn,0.017049999999999274,True,0.9829500000000008,0-10
172834,2023-04-24 09:00:00,1980.905,2000.0,1900.0,19.095000000000027,80.90499999999997,up,19.095000000000027,80.90499999999997,up,0.8090499999999997,True,0.8090499999999997,10-20
172926,2023-04-25 09:00:00,1995.245,2000.0,1900.0,4.755000000000109,95.24499999999989,up,4.755000000000109,95.24499999999989,up,0.9524499999999989,True,0.9524499999999989,0-10
173018,2023-04-26 09:00:00,1994.595,2000.0,1900.0,5.404999999999973,94.59500000000003,up,5.404999999999973,94.59500000000003,up,0.9459500000000003,True,0.9459500000000003,0-10
173110,2023-04-27 09:00:00,1999.305,2000.0,1900.0,0.6949999999999363,99.30500000000006,up,0.6949999999999363,99.30500000000006,up,0.9930500000000007,True,0.9930500000000007,0-10
173294,2023-05-01 09:00:00,1981.705,2000.0,1900.0,18.295000000000073,81.70499999999993,up,18.295000000000073,81.70499999999993,up,0.8170499999999993,True,0.8170499999999993,10-20
173386,2023-05-02 09:00:00,1981.885,2000.0,1900.0,18.11500000000001,81.88499999999999,up,18.11500000000001,81.88499999999999,up,0.8188499999999999,True,0.8188499999999999,10-20
173662,2023-05-05 09:00:00,2049.555,2100.0,2000.0,50.445000000000164,49.554999999999836,dn,49.554999999999836,50.445000000000164,dn,0.4955499999999984,True,0.5044500000000016,40-50
174306,2023-05-16 09:00:00,2016.614,2100.0,2000.0,83.38599999999997,16.614000000000033,dn,16.614000000000033,83.38599999999997,dn,0.16614000000000032,True,0.8338599999999997,10-20
177230,2023-06-29 09:00:00,1904.415,2000.0,1900.0,95.58500000000004,4.414999999999964,dn,4.414999999999964,95.58500000000004,dn,0.044149999999999634,True,0.9558500000000003,0-10
180256,2023-08-15 09:00:00,1906.945,2000.0,1900.0,93.05500000000006,6.944999999999936,dn,6.944999999999936,93.05500000000006,dn,0.06944999999999936,True,0.9305500000000007,0-10
180348,2023-08-16 09:00:00,1904.775,2000.0,1900.0,95.22499999999991,4.775000000000091,dn,4.775000000000091,95.22499999999991,dn,0.04775000000000091,True,0.952249999999999,0-10
180440,2023-08-17 09:00:00,1893.158,1900.0,1800.0,6.842000000000098,93.1579999999999,up,6.842000000000098,93.1579999999999,up,0.931579999999999,True,0.931579999999999,0-10
180716,2023-08-22 09:00:00,1896.625,1900.0,1800.0,3.375,96.625,up,3.375,96.625,up,0.96625,True,0.96625,0-10
183006,2023-09-26 09:00:00,1913.795,2000.0,1900.0,86.20499999999993,13.795000000000073,dn,13.795000000000073,86.20499999999993,dn,0.13795000000000074,True,0.8620499999999993,10-20
183098,2023-09-27 09:00:00,1900.415,2000.0,1900.0,99.58500000000004,0.4149999999999636,dn,0.4149999999999636,99.58500000000004,dn,0.004149999999999637,True,0.9958500000000003,0-10
184202,2023-10-13 09:00:00,1873.475,1900.0,1800.0,26.52500000000009,73.47499999999991,up,26.52500000000009,73.47499999999991,up,0.7347499999999991,True,0.7347499999999991,20-30
185122,2023-10-27 09:00:00,1987.525,2000.0,1900.0,12.474999999999909,87.52500000000009,up,12.474999999999909,87.52500000000009,up,0.8752500000000009,True,0.8752500000000009,10-20
185214,2023-10-30 09:00:00,2002.215,2100.0,2000.0,97.78500000000008,2.214999999999918,dn,2.214999999999918,97.78500000000008,dn,0.02214999999999918,True,0.9778500000000008,0-10
185306,2023-10-31 09:00:00,1993.935,2000.0,1900.0,6.065000000000055,93.93499999999995,up,6.065000000000055,93.93499999999995,up,0.9393499999999995,True,0.9393499999999995,0-10
185582,2023-11-03 09:00:00,1986.095,2000.0,1900.0,13.904999999999973,86.09500000000003,up,13.904999999999973,86.09500000000003,up,0.8609500000000003,True,0.8609500000000003,10-20
186682,2023-11-21 09:00:00,1991.515,2000.0,1900.0,8.4849999999999,91.5150000000001,up,8.4849999999999,91.5150000000001,up,0.915150000000001,True,0.915150000000001,0-10
186774,2023-11-22 09:00:00,1996.054,2000.0,1900.0,3.9459999999999127,96.05400000000009,up,3.9459999999999127,96.05400000000009,up,0.9605400000000008,True,0.9605400000000008,0-10
186944,2023-11-24 09:00:00,1992.275,2000.0,1900.0,7.724999999999909,92.27500000000009,up,7.724999999999909,92.27500000000009,up,0.922750000000001,True,0.922750000000001,0-10
187387,2023-12-01 09:00:00,2041.065,2100.0,2000.0,58.934999999999945,41.065000000000055,dn,41.065000000000055,58.934999999999945,up,0.41065000000000057,False,0.5893499999999994,40-50
187847,2023-12-08 09:00:00,2032.905,2100.0,2000.0,67.09500000000003,32.90499999999997,dn,32.90499999999997,67.09500000000003,dn,0.32904999999999973,True,0.6709500000000003,30-40
187939,2023-12-11 09:00:00,1999.595,2000.0,1900.0,0.4049999999999727,99.59500000000003,up,0.4049999999999727,99.59500000000003,up,0.9959500000000002,True,0.9959500000000002,0-10
188123,2023-12-13 09:00:00,1979.835,2000.0,1900.0,20.164999999999964,79.83500000000004,up,20.164999999999964,79.83500000000004,up,0.7983500000000003,True,0.7983500000000003,20-30
191977,2024-02-13 09:00:00,2017.475,2100.0,2000.0,82.52500000000009,17.47499999999991,dn,17.47499999999991,82.52500000000009,dn,0.1747499999999991,True,0.8252500000000009,10-20
192161,2024-02-15 09:00:00,1992.005,2000.0,1900.0,7.994999999999891,92.00500000000011,up,7.994999999999891,92.00500000000011,up,0.9200500000000011,True,0.9200500000000011,0-10
192253,2024-02-16 09:00:00,2004.275,2100.0,2000.0,95.72499999999991,4.275000000000091,dn,4.275000000000091,95.72499999999991,dn,0.04275000000000091,True,0.957249999999999,0-10
193255,2024-03-04 09:00:00,2080.885,2100.0,2000.0,19.11499999999978,80.88500000000022,up,19.11499999999978,80.88500000000022,up,0.8088500000000022,True,0.8088500000000022,10-20
194363,2024-03-20 09:00:00,2158.855,2200.0,2100.0,41.14499999999998,58.85500000000002,up,41.14499999999998,58.85500000000002,up,0.5885500000000001,True,0.5885500000000001,40-50
194455,2024-03-21 09:00:00,2203.754,2300.0,2200.0,96.2460000000001,3.7539999999999054,dn,3.7539999999999054,96.2460000000001,dn,0.03753999999999905,True,0.962460000000001,0-10
194915,2024-03-28 09:00:00,2194.685,2200.0,2100.0,5.315000000000055,94.68499999999995,up,5.315000000000055,94.68499999999995,up,0.9468499999999994,True,0.9468499999999994,0-10
195191,2024-04-03 09:00:00,2283.915,2300.0,2200.0,16.085000000000036,83.91499999999996,up,16.085000000000036,83.91499999999996,up,0.8391499999999996,True,0.8391499999999996,10-20
195283,2024-04-04 09:00:00,2299.555,2300.0,2200.0,0.4450000000001637,99.55499999999984,up,0.4450000000001637,99.55499999999984,up,0.9955499999999984,True,0.9955499999999984,0-10
195375,2024-04-05 09:00:00,2278.285,2300.0,2200.0,21.715000000000146,78.28499999999985,up,21.715000000000146,78.28499999999985,up,0.7828499999999985,True,0.7828499999999985,20-30
195835,2024-04-12 09:00:00,2388.085,2400.0,2300.0,11.914999999999964,88.08500000000004,up,11.914999999999964,88.08500000000004,up,0.8808500000000004,True,0.8808500000000004,10-20
196203,2024-04-18 09:00:00,2374.545,2400.0,2300.0,25.454999999999927,74.54500000000007,up,25.454999999999927,74.54500000000007,up,0.7454500000000007,True,0.7454500000000007,20-30
196295,2024-04-19 09:00:00,2385.745,2400.0,2300.0,14.25500000000011,85.74499999999989,up,14.25500000000011,85.74499999999989,up,0.8574499999999989,True,0.8574499999999989,10-20
196387,2024-04-22 09:00:00,2364.385,2400.0,2300.0,35.61499999999978,64.38500000000022,up,35.61499999999978,64.38500000000022,dn,0.6438500000000021,False,0.6438500000000021,30-40
196479,2024-04-23 09:00:00,2302.945,2400.0,2300.0,97.05499999999984,2.9450000000001637,dn,2.9450000000001637,97.05499999999984,dn,0.029450000000001638,True,0.9705499999999984,0-10
196939,2024-04-30 09:00:00,2328.515,2400.0,2300.0,71.48500000000013,28.514999999999873,dn,28.514999999999873,71.48500000000013,dn,0.28514999999999874,True,0.7148500000000013,20-30
197031,2024-05-01 09:00:00,2287.325,2300.0,2200.0,12.675000000000182,87.32499999999982,up,12.675000000000182,87.32499999999982,up,0.8732499999999982,True,0.8732499999999982,10-20
197123,2024-05-02 09:00:00,2319.725,2400.0,2300.0,80.27500000000009,19.72499999999991,dn,19.72499999999991,80.27500000000009,dn,0.1972499999999991,True,0.802750000000001,10-20
197215,2024-05-03 09:00:00,2301.378,2400.0,2300.0,98.62199999999984,1.3780000000001564,dn,1.3780000000001564,98.62199999999984,dn,0.013780000000001564,True,0.9862199999999984,0-10
198135,2024-05-17 09:00:00,2376.615,2400.0,2300.0,23.38500000000022,76.61499999999978,up,23.38500000000022,76.61499999999978,up,0.7661499999999978,True,0.7661499999999978,20-30
198411,2024-05-22 09:00:00,2418.454,2500.0,2400.0,81.54599999999982,18.45400000000018,dn,18.45400000000018,81.54599999999982,dn,0.18454000000000179,True,0.8154599999999982,10-20
199505,2024-06-07 09:00:00,2377.875,2400.0,2300.0,22.125,77.875,up,22.125,77.875,dn,0.77875,False,0.77875,20-30
199597,2024-06-10 09:00:00,2296.395,2300.0,2200.0,3.605000000000018,96.39499999999998,up,3.605000000000018,96.39499999999998,up,0.9639499999999999,True,0.9639499999999999,0-10
199689,2024-06-11 09:00:00,2303.505,2400.0,2300.0,96.49499999999989,3.505000000000109,dn,3.505000000000109,96.49499999999989,dn,0.035050000000001094,True,0.9649499999999989,0-10
199873,2024-06-13 09:00:00,2314.325,2400.0,2300.0,85.67500000000018,14.324999999999818,dn,14.324999999999818,85.67500000000018,dn,0.14324999999999818,True,0.8567500000000018,10-20
200691,2024-06-26 09:00:00,2320.448,2400.0,2300.0,79.55200000000013,20.447999999999865,dn,20.447999999999865,79.55200000000013,dn,0.20447999999999866,True,0.7955200000000013,20-30
200783,2024-06-27 09:00:00,2298.575,2300.0,2200.0,1.425000000000182,98.57499999999982,up,1.425000000000182,98.57499999999982,up,0.9857499999999981,True,0.9857499999999981,0-10
201693,2024-07-11 09:00:00,2379.455,2400.0,2300.0,20.545000000000073,79.45499999999993,up,20.545000000000073,79.45499999999993,up,0.7945499999999993,True,0.7945499999999993,20-30
201785,2024-07-12 09:00:00,2409.035,2500.0,2400.0,90.96500000000015,9.034999999999854,dn,9.034999999999854,90.96500000000015,dn,0.09034999999999854,True,0.9096500000000014,0-10
202245,2024-07-19 09:00:00,2426.645,2500.0,2400.0,73.35500000000002,26.644999999999982,dn,26.644999999999982,73.35500000000002,dn,0.2664499999999998,True,0.7335500000000001,20-30
202337,2024-07-22 09:00:00,2408.905,2500.0,2400.0,91.0949999999998,8.9050000000002,dn,8.9050000000002,91.0949999999998,dn,0.089050000000002,True,0.910949999999998,0-10
202429,2024-07-23 09:00:00,2398.315,2400.0,2300.0,1.6849999999999454,98.31500000000005,up,1.6849999999999454,98.31500000000005,up,0.9831500000000005,True,0.9831500000000005,0-10
202521,2024-07-24 09:00:00,2417.075,2500.0,2400.0,82.92500000000018,17.074999999999818,dn,17.074999999999818,82.92500000000018,dn,0.17074999999999818,True,0.8292500000000018,10-20
202705,2024-07-26 09:00:00,2376.455,2400.0,2300.0,23.545000000000073,76.45499999999993,up,23.545000000000073,76.45499999999993,up,0.7645499999999993,True,0.7645499999999993,20-30
202889,2024-07-30 09:00:00,2384.345,2400.0,2300.0,15.6550000000002,84.3449999999998,up,15.6550000000002,84.3449999999998,up,0.843449999999998,True,0.843449999999998,10-20
203257,2024-08-05 09:00:00,2444.295,2500.0,2400.0,55.70499999999993,44.29500000000007,dn,44.29500000000007,55.70499999999993,dn,0.44295000000000073,True,0.5570499999999993,40-50
203349,2024-08-06 09:00:00,2409.565,2500.0,2400.0,90.43499999999995,9.565000000000055,dn,9.565000000000055,90.43499999999995,dn,0.09565000000000054,True,0.9043499999999994,0-10
203441,2024-08-07 09:00:00,2385.685,2400.0,2300.0,14.315000000000055,85.68499999999995,up,14.315000000000055,85.68499999999995,up,0.8568499999999994,True,0.8568499999999994,10-20
203533,2024-08-08 09:00:00,2389.505,2400.0,2300.0,10.49499999999989,89.50500000000011,up,10.49499999999989,89.50500000000011,up,0.8950500000000011,True,0.8950500000000011,10-20
204085,2024-08-16 09:00:00,2451.485,2500.0,2400.0,48.51499999999987,51.48500000000013,up,48.51499999999987,51.48500000000013,up,0.5148500000000013,True,0.5148500000000013,40-50
204177,2024-08-19 09:00:00,2501.595,2600.0,2500.0,98.4050000000002,1.5949999999998,dn,1.5949999999998,98.4050000000002,dn,0.015949999999998,True,0.984050000000002,0-10
204269,2024-08-20 09:00:00,2501.125,2600.0,2500.0,98.875,1.125,dn,1.125,98.875,dn,0.01125,True,0.98875,0-10
204361,2024-08-21 09:00:00,2513.338,2600.0,2500.0,86.66199999999981,13.338000000000193,dn,13.338000000000193,86.66199999999981,dn,0.13338000000000194,True,0.8666199999999981,10-20
204453,2024-08-22 09:00:00,2502.665,2600.0,2500.0,97.33500000000004,2.6649999999999636,dn,2.6649999999999636,97.33500000000004,dn,0.026649999999999636,True,0.9733500000000004,0-10
204545,2024-08-23 09:00:00,2492.995,2500.0,2400.0,7.005000000000109,92.99499999999989,up,7.005000000000109,92.99499999999989,up,0.9299499999999989,True,0.9299499999999989,0-10
204821,2024-08-28 09:00:00,2515.015,2600.0,2500.0,84.98500000000013,15.014999999999873,dn,15.014999999999873,84.98500000000013,dn,0.15014999999999873,True,0.8498500000000013,10-20
205005,2024-08-30 09:00:00,2514.005,2600.0,2500.0,85.99499999999989,14.00500000000011,dn,14.00500000000011,85.99499999999989,dn,0.1400500000000011,True,0.8599499999999989,10-20
205097,2024-09-02 09:00:00,2494.655,2500.0,2400.0,5.3449999999998,94.6550000000002,up,5.3449999999998,94.6550000000002,up,0.946550000000002,True,0.946550000000002,0-10
205179,2024-09-03 09:00:00,2495.695,2500.0,2400.0,4.304999999999836,95.69500000000016,up,4.304999999999836,95.69500000000016,up,0.9569500000000016,True,0.9569500000000016,0-10
205271,2024-09-04 09:00:00,2494.245,2500.0,2400.0,5.755000000000109,94.24499999999989,up,5.755000000000109,94.24499999999989,up,0.9424499999999989,True,0.9424499999999989,0-10
205363,2024-09-05 09:00:00,2496.655,2500.0,2400.0,3.3449999999998,96.6550000000002,up,3.3449999999998,96.6550000000002,up,0.966550000000002,True,0.966550000000002,0-10
205455,2024-09-06 09:00:00,2517.305,2600.0,2500.0,82.69500000000016,17.304999999999836,dn,17.304999999999836,82.69500000000016,dn,0.17304999999999837,True,0.8269500000000016,10-20
205547,2024-09-09 09:00:00,2497.715,2500.0,2400.0,2.2849999999998545,97.71500000000015,up,2.2849999999998545,97.71500000000015,up,0.9771500000000014,True,0.9771500000000014,0-10
206375,2024-09-20 09:00:00,2592.475,2600.0,2500.0,7.525000000000091,92.47499999999991,up,7.525000000000091,92.47499999999991,up,0.9247499999999991,True,0.9247499999999991,0-10
208123,2024-10-17 09:00:00,2678.585,2700.0,2600.0,21.414999999999964,78.58500000000004,up,21.414999999999964,78.58500000000004,up,0.7858500000000004,True,0.7858500000000004,20-30
209407,2024-11-06 09:00:00,2731.385,2800.0,2700.0,68.61499999999978,31.38500000000022,dn,31.38500000000022,68.61499999999978,dn,0.3138500000000022,True,0.6861499999999978,30-40
209499,2024-11-07 09:00:00,2656.325,2700.0,2600.0,43.67500000000018,56.32499999999982,up,43.67500000000018,56.32499999999982,up,0.5632499999999981,True,0.5632499999999981,40-50
209591,2024-11-08 09:00:00,2695.385,2700.0,2600.0,4.614999999999782,95.38500000000022,up,4.614999999999782,95.38500000000022,up,0.9538500000000022,True,0.9538500000000022,0-10
209775,2024-11-12 09:00:00,2622.875,2700.0,2600.0,77.125,22.875,dn,22.875,77.125,dn,0.22875,True,0.77125,20-30
209867,2024-11-13 09:00:00,2608.308,2700.0,2600.0,91.69200000000001,8.307999999999993,dn,8.307999999999993,91.69200000000001,dn,0.08307999999999993,True,0.9169200000000001,0-10
210143,2024-11-18 09:00:00,2589.405,2600.0,2500.0,10.5949999999998,89.4050000000002,up,10.5949999999998,89.4050000000002,up,0.894050000000002,True,0.894050000000002,10-20
210511,2024-11-22 09:00:00,2686.385,2700.0,2600.0,13.614999999999782,86.38500000000022,up,13.614999999999782,86.38500000000022,up,0.8638500000000022,True,0.8638500000000022,10-20
211596,2024-12-10 09:00:00,2667.154,2700.0,2600.0,32.846000000000004,67.154,up,32.846000000000004,67.154,up,0.6715399999999999,True,0.6715399999999999,30-40
211688,2024-12-11 09:00:00,2700.244,2800.0,2700.0,99.75599999999986,0.24400000000014188,dn,0.24400000000014188,99.75599999999986,dn,0.002440000000001419,True,0.9975599999999986,0-10
211780,2024-12-12 09:00:00,2707.605,2800.0,2700.0,92.39499999999998,7.605000000000018,dn,7.605000000000018,92.39499999999998,dn,0.07605000000000019,True,0.9239499999999998,0-10
212148,2024-12-18 09:00:00,2645.955,2700.0,2600.0,54.04500000000007,45.95499999999993,dn,45.95499999999993,54.04500000000007,dn,0.4595499999999993,True,0.5404500000000008,40-50
212240,2024-12-19 09:00:00,2608.355,2700.0,2600.0,91.64499999999998,8.355000000000018,dn,8.355000000000018,91.64499999999998,dn,0.08355000000000018,True,0.9164499999999998,0-10
212332,2024-12-20 09:00:00,2597.985,2600.0,2500.0,2.0149999999998727,97.98500000000013,up,2.0149999999998727,97.98500000000013,up,0.9798500000000012,True,0.9798500000000012,0-10
212779,2024-12-30 09:00:00,2627.025,2700.0,2600.0,72.97499999999991,27.02500000000009,dn,27.02500000000009,72.97499999999991,dn,0.27025000000000093,True,0.729749999999999,20-30
213791,2025-01-15 09:00:00,2675.195,2700.0,2600.0,24.804999999999836,75.19500000000016,up,24.804999999999836,75.19500000000016,up,0.7519500000000017,True,0.7519500000000017,20-30
213883,2025-01-16 09:00:00,2696.288,2700.0,2600.0,3.711999999999989,96.28800000000001,up,3.711999999999989,96.28800000000001,up,0.9628800000000001,True,0.9628800000000001,0-10
213975,2025-01-17 09:00:00,2715.479,2800.0,2700.0,84.52100000000019,15.478999999999814,dn,15.478999999999814,84.52100000000019,dn,0.15478999999999815,True,0.8452100000000018,10-20
214885,2025-01-31 09:00:00,2796.545,2800.0,2700.0,3.4549999999999272,96.54500000000007,up,3.4549999999999272,96.54500000000007,up,0.9654500000000007,True,0.9654500000000007,0-10
214977,2025-02-03 09:00:00,2775.225,2800.0,2700.0,24.77500000000009,75.22499999999991,up,24.77500000000009,75.22499999999991,up,0.7522499999999991,True,0.7522499999999991,20-30
215437,2025-02-10 09:00:00,2873.255,2900.0,2800.0,26.74499999999989,73.25500000000011,up,26.74499999999989,73.25500000000011,up,0.7325500000000011,True,0.7325500000000011,20-30
215529,2025-02-11 09:00:00,2922.015,3000.0,2900.0,77.98500000000013,22.014999999999873,dn,22.014999999999873,77.98500000000013,dn,0.22014999999999874,True,0.7798500000000013,20-30
215621,2025-02-12 09:00:00,2889.515,2900.0,2800.0,10.485000000000127,89.51499999999987,up,10.485000000000127,89.51499999999987,up,0.8951499999999988,True,0.8951499999999988,10-20
215805,2025-02-14 09:00:00,2928.635,3000.0,2900.0,71.36499999999978,28.63500000000022,dn,28.63500000000022,71.36499999999978,dn,0.28635000000000216,True,0.7136499999999979,20-30
215897,2025-02-17 09:00:00,2900.975,3000.0,2900.0,99.02500000000009,0.974999999999909,dn,0.974999999999909,99.02500000000009,dn,0.009749999999999091,True,0.990250000000001,0-10
216439,2025-02-25 09:00:00,2944.708,3000.0,2900.0,55.291999999999916,44.708000000000084,dn,44.708000000000084,55.291999999999916,dn,0.4470800000000008,True,0.5529199999999992,40-50
216531,2025-02-26 09:00:00,2920.215,3000.0,2900.0,79.78499999999985,20.215000000000146,dn,20.215000000000146,79.78499999999985,dn,0.20215000000000147,True,0.7978499999999985,20-30
216623,2025-02-27 09:00:00,2907.905,3000.0,2900.0,92.0949999999998,7.9050000000002,dn,7.9050000000002,92.0949999999998,dn,0.07905000000000201,True,0.9209499999999979,0-10
216899,2025-03-04 09:00:00,2891.855,2900.0,2800.0,8.144999999999982,91.85500000000002,up,8.144999999999982,91.85500000000002,up,0.9185500000000002,True,0.9185500000000002,0-10
216991,2025-03-05 09:00:00,2910.365,3000.0,2900.0,89.63500000000022,10.364999999999782,dn,10.364999999999782,89.63500000000022,dn,0.10364999999999781,True,0.8963500000000022,10-20
217083,2025-03-06 09:00:00,2922.948,3000.0,2900.0,77.05200000000013,22.947999999999865,dn,22.947999999999865,77.05200000000013,dn,0.22947999999999866,True,0.7705200000000013,20-30
217271,2025-03-10 09:00:00,2911.708,3000.0,2900.0,88.29199999999992,11.708000000000084,dn,11.708000000000084,88.29199999999992,dn,0.11708000000000084,True,0.8829199999999991,10-20
217363,2025-03-11 09:00:00,2895.578,2900.0,2800.0,4.4220000000000255,95.57799999999997,up,4.4220000000000255,95.57799999999997,up,0.9557799999999997,True,0.9557799999999997,0-10
217639,2025-03-14 09:00:00,2987.295,3000.0,2900.0,12.704999999999927,87.29500000000007,up,12.704999999999927,87.29500000000007,up,0.8729500000000008,True,0.8729500000000008,10-20
217731,2025-03-17 09:00:00,2986.225,3000.0,2900.0,13.775000000000091,86.22499999999991,up,13.775000000000091,86.22499999999991,up,0.8622499999999991,True,0.8622499999999991,10-20
218099,2025-03-21 09:00:00,3030.415,3100.0,3000.0,69.58500000000004,30.414999999999964,dn,30.414999999999964,69.58500000000004,dn,0.30414999999999964,True,0.6958500000000003,30-40
218559,2025-03-28 09:00:00,3073.665,3100.0,3000.0,26.335000000000036,73.66499999999996,up,26.335000000000036,73.66499999999996,up,0.7366499999999996,True,0.7366499999999996,20-30
218651,2025-03-31 09:00:00,3107.848,3200.0,3100.0,92.15200000000004,7.847999999999956,dn,7.847999999999956,92.15200000000004,dn,0.07847999999999956,True,0.9215200000000004,0-10
218927,2025-04-03 09:00:00,3148.035,3200.0,3100.0,51.965000000000146,48.034999999999854,dn,48.034999999999854,51.965000000000146,dn,0.48034999999999856,True,0.5196500000000015,40-50
219019,2025-04-04 09:00:00,3093.175,3100.0,3000.0,6.824999999999818,93.17500000000018,up,6.824999999999818,93.17500000000018,up,0.9317500000000019,True,0.9317500000000019,0-10
219111,2025-04-07 09:00:00,3029.285,3100.0,3000.0,70.71500000000015,29.284999999999854,dn,29.284999999999854,70.71500000000015,dn,0.29284999999999856,True,0.7071500000000015,20-30
219203,2025-04-08 09:00:00,2995.015,3000.0,2900.0,4.985000000000127,95.01499999999987,up,4.985000000000127,95.01499999999987,up,0.9501499999999987,True,0.9501499999999987,0-10
219295,2025-04-09 09:00:00,3008.065,3100.0,3000.0,91.93499999999995,8.065000000000055,dn,8.065000000000055,91.93499999999995,dn,0.08065000000000054,True,0.9193499999999994,0-10
219387,2025-04-10 09:00:00,3123.555,3200.0,3100.0,76.44500000000016,23.554999999999836,dn,23.554999999999836,76.44500000000016,up,0.23554999999999837,False,0.7644500000000016,20-30
219479,2025-04-11 09:00:00,3218.865,3300.0,3200.0,81.13500000000022,18.86499999999978,dn,18.86499999999978,81.13500000000022,dn,0.18864999999999782,True,0.8113500000000022,10-20
219571,2025-04-14 09:00:00,3232.475,3300.0,3200.0,67.52500000000009,32.47499999999991,dn,32.47499999999991,67.52500000000009,dn,0.3247499999999991,True,0.6752500000000009,30-40
219755,2025-04-16 09:00:00,3275.735,3300.0,3200.0,24.264999999999873,75.73500000000013,up,24.264999999999873,75.73500000000013,up,0.7573500000000013,True,0.7573500000000013,20-30
219847,2025-04-17 09:00:00,3342.545,3400.0,3300.0,57.45499999999993,42.54500000000007,dn,42.54500000000007,57.45499999999993,dn,0.4254500000000007,True,0.5745499999999992,40-50
219939,2025-04-21 09:00:00,3382.205,3400.0,3300.0,17.795000000000073,82.20499999999993,up,17.795000000000073,82.20499999999993,up,0.8220499999999993,True,0.8220499999999993,10-20
220031,2025-04-22 09:00:00,3488.745,3500.0,3400.0,11.25500000000011,88.74499999999989,up,11.25500000000011,88.74499999999989,dn,0.887449999999999,False,0.887449999999999,10-20
220123,2025-04-23 09:00:00,3334.915,3400.0,3300.0,65.08500000000004,34.914999999999964,dn,34.914999999999964,65.08500000000004,dn,0.3491499999999996,True,0.6508500000000004,30-40
220307,2025-04-25 09:00:00,3348.545,3400.0,3300.0,51.45499999999993,48.54500000000007,dn,48.54500000000007,51.45499999999993,dn,0.4854500000000007,True,0.5145499999999993,40-50
220399,2025-04-28 09:00:00,3292.345,3300.0,3200.0,7.6550000000002,92.3449999999998,up,7.6550000000002,92.3449999999998,up,0.923449999999998,True,0.923449999999998,0-10
220491,2025-04-29 09:00:00,3312.355,3400.0,3300.0,87.64499999999998,12.355000000000018,dn,12.355000000000018,87.64499999999998,dn,0.12355000000000019,True,0.8764499999999998,10-20
220583,2025-04-30 09:00:00,3308.575,3400.0,3300.0,91.42500000000018,8.574999999999818,dn,8.574999999999818,91.42500000000018,dn,0.08574999999999817,True,0.9142500000000018,0-10
220859,2025-05-05 09:00:00,3259.215,3300.0,3200.0,40.784999999999854,59.215000000000146,up,40.784999999999854,59.215000000000146,up,0.5921500000000015,True,0.5921500000000015,40-50
220951,2025-05-06 09:00:00,3362.315,3400.0,3300.0,37.684999999999945,62.315000000000055,up,37.684999999999945,62.315000000000055,up,0.6231500000000005,True,0.6231500000000005,30-40
221043,2025-05-07 09:00:00,3374.185,3400.0,3300.0,25.815000000000055,74.18499999999995,up,25.815000000000055,74.18499999999995,up,0.7418499999999995,True,0.7418499999999995,20-30
221135,2025-05-08 09:00:00,3398.385,3400.0,3300.0,1.6149999999997817,98.38500000000022,up,1.6149999999997817,98.38500000000022,up,0.9838500000000022,True,0.9838500000000022,0-10
221227,2025-05-09 09:00:00,3304.235,3400.0,3300.0,95.76499999999987,4.235000000000127,dn,4.235000000000127,95.76499999999987,dn,0.042350000000001276,True,0.9576499999999988,0-10
221503,2025-05-14 09:00:00,3228.975,3300.0,3200.0,71.02500000000009,28.97499999999991,dn,28.97499999999991,71.02500000000009,dn,0.28974999999999906,True,0.7102500000000009,20-30
221595,2025-05-15 09:00:00,3153.355,3200.0,3100.0,46.64499999999998,53.35500000000002,up,46.64499999999998,53.35500000000002,up,0.5335500000000002,True,0.5335500000000002,40-50
221687,2025-05-16 09:00:00,3210.225,3300.0,3200.0,89.77500000000009,10.224999999999909,dn,10.224999999999909,89.77500000000009,dn,0.10224999999999909,True,0.8977500000000009,10-20
221871,2025-05-20 09:00:00,3212.465,3300.0,3200.0,87.53499999999985,12.465000000000146,dn,12.465000000000146,87.53499999999985,up,0.12465000000000145,False,0.8753499999999985,10-20
221963,2025-05-21 09:00:00,3307.335,3400.0,3300.0,92.66499999999996,7.335000000000036,dn,7.335000000000036,92.66499999999996,dn,0.07335000000000036,True,0.9266499999999996,0-10
222055,2025-05-22 09:00:00,3339.898,3400.0,3300.0,60.10199999999986,39.89800000000014,dn,39.89800000000014,60.10199999999986,dn,0.3989800000000014,True,0.6010199999999986,30-40
222147,2025-05-23 09:00:00,3298.045,3300.0,3200.0,1.9549999999999272,98.04500000000007,up,1.9549999999999272,98.04500000000007,up,0.9804500000000007,True,0.9804500000000007,0-10
222321,2025-05-27 09:00:00,3346.615,3400.0,3300.0,53.38500000000022,46.61499999999978,dn,46.61499999999978,53.38500000000022,dn,0.46614999999999784,True,0.5338500000000022,40-50
222413,2025-05-28 09:00:00,3293.685,3300.0,3200.0,6.315000000000055,93.68499999999995,up,6.315000000000055,93.68499999999995,up,0.9368499999999994,True,0.9368499999999994,0-10
222505,2025-05-29 09:00:00,3273.935,3300.0,3200.0,26.065000000000055,73.93499999999995,up,26.065000000000055,73.93499999999995,up,0.7393499999999995,True,0.7393499999999995,20-30
222597,2025-05-30 09:00:00,3296.495,3300.0,3200.0,3.505000000000109,96.49499999999989,up,3.505000000000109,96.49499999999989,up,0.9649499999999989,True,0.9649499999999989,0-10
222965,2025-06-05 09:00:00,3373.798,3400.0,3300.0,26.202000000000226,73.79799999999977,up,26.202000000000226,73.79799999999977,up,0.7379799999999977,True,0.7379799999999977,20-30
223057,2025-06-06 09:00:00,3366.495,3400.0,3300.0,33.50500000000011,66.49499999999989,up,33.50500000000011,66.49499999999989,dn,0.6649499999999989,False,0.6649499999999989,30-40
223425,2025-06-12 09:00:00,3374.515,3400.0,3300.0,25.485000000000127,74.51499999999987,up,25.485000000000127,74.51499999999987,up,0.7451499999999988,True,0.7451499999999988,20-30
223609,2025-06-16 09:00:00,3436.895,3500.0,3400.0,63.10500000000002,36.89499999999998,dn,36.89499999999998,63.10500000000002,dn,0.36894999999999983,True,0.6310500000000001,30-40
224151,2025-06-24 09:00:00,3352.625,3400.0,3300.0,47.375,52.625,up,47.375,52.625,dn,0.52625,False,0.52625,40-50
224335,2025-06-26 09:00:00,3338.655,3400.0,3300.0,61.3449999999998,38.6550000000002,dn,38.6550000000002,61.3449999999998,dn,0.386550000000002,True,0.613449999999998,30-40
224427,2025-06-27 09:00:00,3302.245,3400.0,3300.0,97.75500000000011,2.244999999999891,dn,2.244999999999891,97.75500000000011,dn,0.02244999999999891,True,0.9775500000000011,0-10
224519,2025-06-30 09:00:00,3278.675,3300.0,3200.0,21.324999999999818,78.67500000000018,up,21.324999999999818,78.67500000000018,up,0.7867500000000018,True,0.7867500000000018,20-30
224963,2025-07-07 09:00:00,3312.855,3400.0,3300.0,87.14499999999998,12.855000000000018,dn,12.855000000000018,87.14499999999998,dn,0.1285500000000002,True,0.8714499999999998,10-20
225055,2025-07-08 09:00:00,3331.335,3400.0,3300.0,68.66499999999996,31.335000000000036,dn,31.335000000000036,68.66499999999996,dn,0.31335000000000035,True,0.6866499999999996,30-40
225147,2025-07-09 09:00:00,3291.925,3300.0,3200.0,8.074999999999818,91.92500000000018,up,8.074999999999818,91.92500000000018,up,0.9192500000000018,True,0.9192500000000018,0-10
225883,2025-07-21 09:00:00,3354.525,3400.0,3300.0,45.47499999999991,54.52500000000009,up,45.47499999999991,54.52500000000009,up,0.5452500000000009,True,0.5452500000000009,40-50
225975,2025-07-22 09:00:00,3390.975,3400.0,3300.0,9.025000000000091,90.97499999999991,up,9.025000000000091,90.97499999999991,up,0.9097499999999991,True,0.9097499999999991,0-10
226067,2025-07-23 09:00:00,3427.755,3500.0,3400.0,72.24499999999989,27.75500000000011,dn,27.75500000000011,72.24499999999989,dn,0.2775500000000011,True,0.7224499999999989,20-30
226527,2025-07-30 09:00:00,3328.165,3400.0,3300.0,71.83500000000004,28.164999999999964,dn,28.164999999999964,71.83500000000004,dn,0.2816499999999996,True,0.7183500000000004,20-30
226619,2025-07-31 09:00:00,3295.605,3300.0,3200.0,4.394999999999982,95.60500000000002,up,4.394999999999982,95.60500000000002,up,0.9560500000000002,True,0.9560500000000002,0-10
226711,2025-08-01 09:00:00,3292.435,3300.0,3200.0,7.565000000000055,92.43499999999995,up,7.565000000000055,92.43499999999995,up,0.9243499999999994,True,0.9243499999999994,0-10
227079,2025-08-07 09:00:00,3377.855,3400.0,3300.0,22.144999999999982,77.85500000000002,up,22.144999999999982,77.85500000000002,up,0.7785500000000002,True,0.7785500000000002,20-30
227171,2025-08-08 09:00:00,3388.709,3400.0,3300.0,11.291000000000167,88.70899999999983,up,11.291000000000167,88.70899999999983,up,0.8870899999999984,True,0.8870899999999984,10-20
228459,2025-08-28 09:00:00,3390.305,3400.0,3300.0,9.695000000000164,90.30499999999984,up,9.695000000000164,90.30499999999984,up,0.9030499999999984,True,0.9030499999999984,0-10
228643,2025-09-01 09:00:00,3471.455,3500.0,3400.0,28.545000000000073,71.45499999999993,up,28.545000000000073,71.45499999999993,up,0.7145499999999992,True,0.7145499999999992,20-30
228725,2025-09-02 09:00:00,3493.005,3500.0,3400.0,6.994999999999891,93.00500000000011,up,6.994999999999891,93.00500000000011,up,0.930050000000001,True,0.930050000000001,0-10
229093,2025-09-08 09:00:00,3584.685,3600.0,3500.0,15.315000000000055,84.68499999999995,up,15.315000000000055,84.68499999999995,up,0.8468499999999994,True,0.8468499999999994,10-20
229645,2025-09-16 09:00:00,3681.675,3700.0,3600.0,18.324999999999818,81.67500000000018,up,18.324999999999818,81.67500000000018,up,0.8167500000000019,True,0.8167500000000019,10-20
229737,2025-09-17 09:00:00,3680.885,3700.0,3600.0,19.11499999999978,80.88500000000022,up,19.11499999999978,80.88500000000022,up,0.8088500000000022,True,0.8088500000000022,10-20
230013,2025-09-22 09:00:00,3691.365,3700.0,3600.0,8.635000000000218,91.36499999999978,up,8.635000000000218,91.36499999999978,up,0.9136499999999979,True,0.9136499999999979,0-10
230381,2025-09-26 09:00:00,3742.355,3800.0,3700.0,57.64499999999998,42.35500000000002,dn,42.35500000000002,57.64499999999998,up,0.4235500000000002,False,0.5764499999999998,40-50
230473,2025-09-29 09:00:00,3793.245,3800.0,3700.0,6.755000000000109,93.24499999999989,up,6.755000000000109,93.24499999999989,up,0.9324499999999989,True,0.9324499999999989,0-10
230565,2025-09-30 09:00:00,3858.015,3900.0,3800.0,41.98500000000013,58.01499999999987,up,41.98500000000013,58.01499999999987,dn,0.5801499999999987,False,0.5801499999999987,40-50
230841,2025-10-03 09:00:00,3839.685,3900.0,3800.0,60.315000000000055,39.684999999999945,dn,39.684999999999945,60.315000000000055,up,0.3968499999999995,False,0.6031500000000005,30-40
231025,2025-10-07 09:00:00,3963.415,4000.0,3900.0,36.585000000000036,63.414999999999964,up,36.585000000000036,63.414999999999964,up,0.6341499999999997,True,0.6341499999999997,30-40
231209,2025-10-09 09:00:00,4024.285,4100.0,4000.0,75.71500000000015,24.284999999999854,dn,24.284999999999854,75.71500000000015,dn,0.24284999999999854,True,0.7571500000000014,20-30
231301,2025-10-10 09:00:00,3970.155,4000.0,3900.0,29.8449999999998,70.1550000000002,up,29.8449999999998,70.1550000000002,up,0.701550000000002,True,0.701550000000002,20-30
231393,2025-10-13 09:00:00,4051.535,4100.0,4000.0,48.465000000000146,51.534999999999854,up,48.465000000000146,51.534999999999854,up,0.5153499999999985,True,0.5153499999999985,40-50
231485,2025-10-14 09:00:00,4159.115,4200.0,4100.0,40.88500000000022,59.11499999999978,up,40.88500000000022,59.11499999999978,dn,0.5911499999999978,False,0.5911499999999978,40-50
231577,2025-10-15 09:00:00,4183.398,4200.0,4100.0,16.60199999999986,83.39800000000014,up,16.60199999999986,83.39800000000014,up,0.8339800000000014,True,0.8339800000000014,10-20
231669,2025-10-16 09:00:00,4235.135,4300.0,4200.0,64.86499999999978,35.13500000000022,dn,35.13500000000022,64.86499999999978,up,0.35135000000000216,False,0.6486499999999978,30-40
231761,2025-10-17 09:00:00,4356.505,4400.0,4300.0,43.49499999999989,56.50500000000011,up,43.49499999999989,56.50500000000011,dn,0.565050000000001,False,0.565050000000001,40-50
231853,2025-10-20 09:00:00,4254.489,4300.0,4200.0,45.51100000000042,54.48899999999958,up,45.51100000000042,54.48899999999958,up,0.5448899999999958,True,0.5448899999999958,40-50
231945,2025-10-21 09:00:00,4348.915,4400.0,4300.0,51.085000000000036,48.914999999999964,dn,48.914999999999964,51.085000000000036,dn,0.48914999999999964,True,0.5108500000000004,40-50
232037,2025-10-22 09:00:00,4116.925,4200.0,4100.0,83.07499999999982,16.925000000000182,dn,16.925000000000182,83.07499999999982,dn,0.16925000000000182,True,0.8307499999999982,10-20
232129,2025-10-23 09:00:00,4095.125,4100.0,4000.0,4.875,95.125,up,4.875,95.125,up,0.95125,True,0.95125,0-10
232221,2025-10-24 09:00:00,4116.825,4200.0,4100.0,83.17500000000018,16.824999999999818,dn,16.824999999999818,83.17500000000018,dn,0.16824999999999818,True,0.8317500000000018,10-20
232313,2025-10-27 09:00:00,4077.109,4100.0,4000.0,22.891000000000076,77.10899999999992,up,22.891000000000076,77.10899999999992,dn,0.7710899999999993,False,0.7710899999999993,20-30
232405,2025-10-28 09:00:00,3989.945,4000.0,3900.0,10.054999999999836,89.94500000000016,up,10.054999999999836,89.94500000000016,dn,0.8994500000000016,False,0.8994500000000016,10-20
232497,2025-10-29 09:00:00,3964.148,4000.0,3900.0,35.85199999999986,64.14800000000014,up,35.85199999999986,64.14800000000014,up,0.6414800000000014,True,0.6414800000000014,30-40
232589,2025-10-30 09:00:00,3932.655,4000.0,3900.0,67.3449999999998,32.6550000000002,dn,32.6550000000002,67.3449999999998,up,0.326550000000002,False,0.673449999999998,30-40
232681,2025-10-31 09:00:00,4000.145,4100.0,4000.0,99.85500000000002,0.1449999999999818,dn,0.1449999999999818,99.85500000000002,dn,0.0014499999999998182,True,0.9985500000000002,0-10
232769,2025-11-03 09:00:00,4005.915,4100.0,4000.0,94.08500000000004,5.914999999999964,dn,5.914999999999964,94.08500000000004,dn,0.05914999999999963,True,0.9408500000000004,0-10
232861,2025-11-04 09:00:00,3992.525,4000.0,3900.0,7.474999999999909,92.52500000000009,up,7.474999999999909,92.52500000000009,up,0.9252500000000009,True,0.9252500000000009,0-10
233045,2025-11-06 09:00:00,3985.945,4000.0,3900.0,14.054999999999836,85.94500000000016,up,14.054999999999836,85.94500000000016,up,0.8594500000000016,True,0.8594500000000016,10-20
233137,2025-11-07 09:00:00,3992.365,4000.0,3900.0,7.635000000000218,92.36499999999978,up,7.635000000000218,92.36499999999978,up,0.9236499999999979,True,0.9236499999999979,0-10
233229,2025-11-10 09:00:00,4050.415,4100.0,4000.0,49.585000000000036,50.414999999999964,up,49.585000000000036,50.414999999999964,up,0.5041499999999997,True,0.5041499999999997,40-50
233321,2025-11-11 09:00:00,4144.065,4200.0,4100.0,55.9350000000004,44.0649999999996,dn,44.0649999999996,55.9350000000004,dn,0.440649999999996,True,0.559350000000004,40-50
233413,2025-11-12 09:00:00,4119.315,4200.0,4100.0,80.6850000000004,19.3149999999996,dn,19.3149999999996,80.6850000000004,dn,0.193149999999996,True,0.8068500000000041,10-20
233505,2025-11-13 09:00:00,4200.465,4300.0,4200.0,99.53499999999985,0.4650000000001455,dn,0.4650000000001455,99.53499999999985,dn,0.004650000000001455,True,0.9953499999999985,0-10
233597,2025-11-14 09:00:00,4210.498,4300.0,4200.0,89.50200000000041,10.497999999999593,dn,10.497999999999593,89.50200000000041,dn,0.10497999999999592,True,0.895020000000004,10-20
233781,2025-11-18 09:00:00,4012.675,4100.0,4000.0,87.32499999999982,12.675000000000182,dn,12.675000000000182,87.32499999999982,dn,0.1267500000000018,True,0.8732499999999982,10-20
233873,2025-11-19 09:00:00,4071.655,4100.0,4000.0,28.3449999999998,71.6550000000002,up,28.3449999999998,71.6550000000002,up,0.716550000000002,True,0.716550000000002,20-30
233965,2025-11-20 09:00:00,4075.995,4100.0,4000.0,24.00500000000011,75.99499999999989,up,24.00500000000011,75.99499999999989,up,0.7599499999999989,True,0.7599499999999989,20-30
234057,2025-11-21 09:00:00,4052.295,4100.0,4000.0,47.70499999999993,52.29500000000007,up,47.70499999999993,52.29500000000007,up,0.5229500000000007,True,0.5229500000000007,40-50
234149,2025-11-24 09:00:00,4048.635,4100.0,4000.0,51.36499999999978,48.63500000000022,dn,48.63500000000022,51.36499999999978,up,0.48635000000000217,False,0.5136499999999978,40-50
234507,2025-11-28 09:00:00,4187.975,4200.0,4100.0,12.024999999999636,87.97500000000036,up,12.024999999999636,87.97500000000036,up,0.8797500000000036,True,0.8797500000000036,10-20
234590,2025-12-01 09:00:00,4235.015,4300.0,4200.0,64.98499999999967,35.01500000000033,dn,35.01500000000033,64.98499999999967,dn,0.3501500000000033,True,0.6498499999999967,30-40
234682,2025-12-02 09:00:00,4222.475,4300.0,4200.0,77.52499999999964,22.475000000000364,dn,22.475000000000364,77.52499999999964,dn,0.22475000000000364,True,0.7752499999999963,20-30
234774,2025-12-03 09:00:00,4225.415,4300.0,4200.0,74.58500000000004,25.414999999999964,dn,25.414999999999964,74.58500000000004,dn,0.25414999999999965,True,0.7458500000000003,20-30
234866,2025-12-04 09:00:00,4192.955,4200.0,4100.0,7.045000000000073,92.95499999999993,up,7.045000000000073,92.95499999999993,up,0.9295499999999993,True,0.9295499999999993,0-10
234958,2025-12-05 09:00:00,4203.075,4300.0,4200.0,96.92500000000018,3.074999999999818,dn,3.074999999999818,96.92500000000018,dn,0.03074999999999818,True,0.9692500000000018,0-10
235050,2025-12-08 09:00:00,4209.735,4300.0,4200.0,90.26500000000033,9.734999999999673,dn,9.734999999999673,90.26500000000033,dn,0.09734999999999673,True,0.9026500000000033,0-10
235142,2025-12-09 09:00:00,4197.745,4200.0,4100.0,2.255000000000109,97.74499999999989,up,2.255000000000109,97.74499999999989,up,0.9774499999999989,True,0.9774499999999989,0-10
235234,2025-12-10 09:00:00,4207.695,4300.0,4200.0,92.30500000000029,7.694999999999709,dn,7.694999999999709,92.30500000000029,dn,0.07694999999999709,True,0.9230500000000029,0-10
235418,2025-12-12 09:00:00,4269.645,4300.0,4200.0,30.354999999999563,69.64500000000044,up,30.354999999999563,69.64500000000044,up,0.6964500000000043,True,0.6964500000000043,30-40
235510,2025-12-15 09:00:00,4323.745,4400.0,4300.0,76.25500000000011,23.74499999999989,dn,23.74499999999989,76.25500000000011,dn,0.2374499999999989,True,0.7625500000000011,20-30
235602,2025-12-16 09:00:00,4287.525,4300.0,4200.0,12.475000000000364,87.52499999999964,up,12.475000000000364,87.52499999999964,up,0.8752499999999963,True,0.8752499999999963,10-20
235970,2025-12-22 09:00:00,4388.735,4400.0,4300.0,11.265000000000327,88.73499999999967,up,11.265000000000327,88.73499999999967,up,0.8873499999999968,True,0.8873499999999968,10-20
236062,2025-12-23 09:00:00,4486.895,4500.0,4400.0,13.104999999999563,86.89500000000044,up,13.104999999999563,86.89500000000044,up,0.8689500000000043,True,0.8689500000000043,10-20
236154,2025-12-24 09:00:00,4491.065,4500.0,4400.0,8.9350000000004,91.0649999999996,up,8.9350000000004,91.0649999999996,up,0.910649999999996,True,0.910649999999996,0-10
236233,2025-12-26 09:00:00,4502.598,4600.0,4500.0,97.40200000000004,2.5979999999999563,dn,2.5979999999999563,97.40200000000004,dn,0.025979999999999562,True,0.9740200000000004,0-10
236325,2025-12-29 09:00:00,4512.495,4600.0,4500.0,87.50500000000011,12.49499999999989,dn,12.49499999999989,87.50500000000011,dn,0.12494999999999891,True,0.8750500000000011,10-20
236417,2025-12-30 09:00:00,4367.775,4400.0,4300.0,32.225000000000364,67.77499999999964,up,32.225000000000364,67.77499999999964,up,0.6777499999999964,True,0.6777499999999964,30-40
236509,2025-12-31 09:00:00,4348.298,4400.0,4300.0,51.702000000000226,48.297999999999774,dn,48.297999999999774,51.702000000000226,dn,0.48297999999999774,True,0.5170200000000023,40-50
236601,2026-01-02 09:00:00,4368.728,4400.0,4300.0,31.271999999999935,68.72800000000007,up,31.271999999999935,68.72800000000007,up,0.6872800000000007,True,0.6872800000000007,30-40
236693,2026-01-05 09:00:00,4407.155,4500.0,4400.0,92.84500000000025,7.154999999999745,dn,7.154999999999745,92.84500000000025,dn,0.07154999999999745,True,0.9284500000000026,0-10
236785,2026-01-06 09:00:00,4463.425,4500.0,4400.0,36.57499999999982,63.42500000000018,up,36.57499999999982,63.42500000000018,up,0.6342500000000019,True,0.6342500000000019,30-40
237061,2026-01-09 09:00:00,4463.175,4500.0,4400.0,36.82499999999982,63.17500000000018,up,36.82499999999982,63.17500000000018,up,0.6317500000000018,True,0.6317500000000018,30-40
237153,2026-01-12 09:00:00,4580.915,4600.0,4500.0,19.085000000000036,80.91499999999996,up,19.085000000000036,80.91499999999996,up,0.8091499999999996,True,0.8091499999999996,10-20
237245,2026-01-13 09:00:00,4595.505,4600.0,4500.0,4.494999999999891,95.50500000000011,up,4.494999999999891,95.50500000000011,up,0.9550500000000011,True,0.9550500000000011,0-10
237337,2026-01-14 09:00:00,4614.995,4700.0,4600.0,85.00500000000011,14.99499999999989,dn,14.99499999999989,85.00500000000011,dn,0.14994999999999892,True,0.8500500000000011,10-20
237429,2026-01-15 09:00:00,4584.965,4600.0,4500.0,15.034999999999854,84.96500000000015,up,15.034999999999854,84.96500000000015,up,0.8496500000000015,True,0.8496500000000015,10-20
237521,2026-01-16 09:00:00,4595.285,4600.0,4500.0,4.7150000000001455,95.28499999999985,up,4.7150000000001455,95.28499999999985,up,0.9528499999999985,True,0.9528499999999985,0-10
237613,2026-01-19 09:00:00,4664.448,4700.0,4600.0,35.55199999999968,64.44800000000032,up,35.55199999999968,64.44800000000032,up,0.6444800000000032,True,0.6444800000000032,30-40
237695,2026-01-20 09:00:00,4672.965,4700.0,4600.0,27.034999999999854,72.96500000000015,up,27.034999999999854,72.96500000000015,up,0.7296500000000015,True,0.7296500000000015,20-30
237787,2026-01-21 09:00:00,4833.505,4900.0,4800.0,66.49499999999989,33.50500000000011,dn,33.50500000000011,66.49499999999989,dn,0.33505000000000107,True,0.6649499999999989,30-40
237879,2026-01-22 09:00:00,4792.325,4800.0,4700.0,7.675000000000182,92.32499999999982,up,7.675000000000182,92.32499999999982,up,0.9232499999999981,True,0.9232499999999981,0-10
237971,2026-01-23 09:00:00,4943.695,5000.0,4900.0,56.30500000000029,43.69499999999971,dn,43.69499999999971,56.30500000000029,dn,0.43694999999999706,True,0.5630500000000029,40-50
238063,2026-01-26 09:00:00,5079.155,5100.0,5000.0,20.845000000000255,79.15499999999975,up,20.845000000000255,79.15499999999975,up,0.7915499999999974,True,0.7915499999999974,20-30
238155,2026-01-27 09:00:00,5064.395,5100.0,5000.0,35.60499999999956,64.39500000000044,up,35.60499999999956,64.39500000000044,up,0.6439500000000044,True,0.6439500000000044,30-40
238247,2026-01-28 09:00:00,5236.905,5300.0,5200.0,63.095000000000255,36.904999999999745,dn,36.904999999999745,63.095000000000255,up,0.36904999999999744,False,0.6309500000000026,30-40
238339,2026-01-29 09:00:00,5521.955,5600.0,5500.0,78.04500000000007,21.954999999999927,dn,21.954999999999927,78.04500000000007,dn,0.21954999999999927,True,0.7804500000000008,20-30
238431,2026-01-30 09:00:00,5198.815,5200.0,5100.0,1.1850000000004002,98.8149999999996,up,1.1850000000004002,98.8149999999996,up,0.988149999999996,True,0.988149999999996,0-10
238523,2026-02-02 09:00:00,4695.128,4700.0,4600.0,4.872000000000298,95.1279999999997,up,4.872000000000298,95.1279999999997,up,0.951279999999997,True,0.951279999999997,0-10
238615,2026-02-03 09:00:00,4772.805,4800.0,4700.0,27.19499999999971,72.80500000000029,up,27.19499999999971,72.80500000000029,up,0.7280500000000029,True,0.7280500000000029,20-30
238707,2026-02-04 09:00:00,5051.275,5100.0,5000.0,48.725000000000364,51.274999999999636,up,48.725000000000364,51.274999999999636,dn,0.5127499999999964,False,0.5127499999999964,40-50
238799,2026-02-05 09:00:00,4858.025,4900.0,4800.0,41.975000000000364,58.024999999999636,up,41.975000000000364,58.024999999999636,up,0.5802499999999964,True,0.5802499999999964,40-50
238891,2026-02-06 09:00:00,4810.869,4900.0,4800.0,89.13100000000031,10.868999999999687,dn,10.868999999999687,89.13100000000031,up,0.10868999999999687,False,0.8913100000000032,10-20
238983,2026-02-09 09:00:00,5024.995,5100.0,5000.0,75.00500000000011,24.99499999999989,dn,24.99499999999989,75.00500000000011,dn,0.2499499999999989,True,0.7500500000000011,20-30
239075,2026-02-10 09:00:00,5021.395,5100.0,5000.0,78.60499999999956,21.395000000000437,dn,21.395000000000437,78.60499999999956,dn,0.21395000000000436,True,0.7860499999999957,20-30
239167,2026-02-11 09:00:00,5056.695,5100.0,5000.0,43.30500000000029,56.69499999999971,up,43.30500000000029,56.69499999999971,up,0.5669499999999971,True,0.5669499999999971,40-50
239259,2026-02-12 09:00:00,5059.705,5100.0,5000.0,40.29500000000007,59.70499999999993,up,40.29500000000007,59.70499999999993,dn,0.5970499999999993,False,0.5970499999999993,40-50
239351,2026-02-13 09:00:00,4977.925,5000.0,4900.0,22.074999999999818,77.92500000000018,up,22.074999999999818,77.92500000000018,up,0.7792500000000018,True,0.7792500000000018,20-30
239443,2026-02-16 09:00:00,4994.539,5000.0,4900.0,5.46100000000024,94.53899999999976,up,5.46100000000024,94.53899999999976,up,0.9453899999999976,True,0.9453899999999976,0-10
239525,2026-02-17 09:00:00,4955.125,5000.0,4900.0,44.875,55.125,up,44.875,55.125,dn,0.55125,False,0.55125,40-50
239617,2026-02-18 09:00:00,4918.975,5000.0,4900.0,81.02499999999964,18.975000000000364,dn,18.975000000000364,81.02499999999964,up,0.18975000000000364,False,0.8102499999999964,10-20
239709,2026-02-19 09:00:00,4969.315,5000.0,4900.0,30.6850000000004,69.3149999999996,up,30.6850000000004,69.3149999999996,up,0.693149999999996,True,0.693149999999996,30-40
239801,2026-02-20 09:00:00,4991.905,5000.0,4900.0,8.095000000000255,91.90499999999975,up,8.095000000000255,91.90499999999975,up,0.9190499999999975,True,0.9190499999999975,0-10
239893,2026-02-23 09:00:00,5163.915,5200.0,5100.0,36.085000000000036,63.914999999999964,up,36.085000000000036,63.914999999999964,up,0.6391499999999997,True,0.6391499999999997,30-40
239985,2026-02-24 09:00:00,5182.235,5200.0,5100.0,17.765000000000327,82.23499999999967,up,17.765000000000327,82.23499999999967,dn,0.8223499999999967,False,0.8223499999999967,10-20
240077,2026-02-25 09:00:00,5186.115,5200.0,5100.0,13.885000000000218,86.11499999999978,up,13.885000000000218,86.11499999999978,up,0.8611499999999979,True,0.8611499999999979,10-20
240169,2026-02-26 09:00:00,5187.975,5200.0,5100.0,12.024999999999636,87.97500000000036,up,12.024999999999636,87.97500000000036,up,0.8797500000000036,True,0.8797500000000036,10-20
240261,2026-02-27 09:00:00,5186.755,5200.0,5100.0,13.24499999999989,86.75500000000011,up,13.24499999999989,86.75500000000011,up,0.867550000000001,True,0.867550000000001,10-20
240353,2026-03-02 09:00:00,5355.275,5400.0,5300.0,44.725000000000364,55.274999999999636,up,44.725000000000364,55.274999999999636,up,0.5527499999999964,True,0.5527499999999964,40-50
240445,2026-03-03 09:00:00,5367.115,5400.0,5300.0,32.88500000000022,67.11499999999978,up,32.88500000000022,67.11499999999978,dn,0.6711499999999978,False,0.6711499999999978,30-40
240537,2026-03-04 09:00:00,5162.255,5200.0,5100.0,37.74499999999989,62.25500000000011,up,37.74499999999989,62.25500000000011,up,0.622550000000001,True,0.622550000000001,30-40
240629,2026-03-05 09:00:00,5184.905,5200.0,5100.0,15.095000000000255,84.90499999999975,up,15.095000000000255,84.90499999999975,dn,0.8490499999999974,False,0.8490499999999974,10-20
240721,2026-03-06 09:00:00,5136.225,5200.0,5100.0,63.774999999999636,36.225000000000364,dn,36.225000000000364,63.774999999999636,dn,0.3622500000000036,True,0.6377499999999964,30-40
240817,2026-03-09 09:00:00,5083.675,5100.0,5000.0,16.324999999999818,83.67500000000018,up,16.324999999999818,83.67500000000018,up,0.8367500000000018,True,0.8367500000000018,10-20
240909,2026-03-10 09:00:00,5166.415,5200.0,5100.0,33.585000000000036,66.41499999999996,up,33.585000000000036,66.41499999999996,up,0.6641499999999997,True,0.6641499999999997,30-40
241001,2026-03-11 09:00:00,5204.255,5300.0,5200.0,95.74499999999989,4.255000000000109,dn,4.255000000000109,95.74499999999989,dn,0.042550000000001094,True,0.9574499999999989,0-10
241093,2026-03-12 09:00:00,5151.585,5200.0,5100.0,48.414999999999964,51.585000000000036,up,48.414999999999964,51.585000000000036,dn,0.5158500000000004,False,0.5158500000000004,40-50
241185,2026-03-13 09:00:00,5110.185,5200.0,5100.0,89.8149999999996,10.1850000000004,dn,10.1850000000004,89.8149999999996,dn,0.101850000000004,True,0.898149999999996,10-20
241277,2026-03-16 09:00:00,5010.925,5100.0,5000.0,89.07499999999982,10.925000000000182,dn,10.925000000000182,89.07499999999982,dn,0.10925000000000182,True,0.8907499999999982,10-20
241369,2026-03-17 09:00:00,5032.435,5100.0,5000.0,67.5649999999996,32.4350000000004,dn,32.4350000000004,67.5649999999996,dn,0.324350000000004,True,0.675649999999996,30-40
241461,2026-03-18 09:00:00,4995.975,5000.0,4900.0,4.024999999999636,95.97500000000036,up,4.024999999999636,95.97500000000036,up,0.9597500000000037,True,0.9597500000000037,0-10
241553,2026-03-19 09:00:00,4859.885,4900.0,4800.0,40.11499999999978,59.88500000000022,up,40.11499999999978,59.88500000000022,dn,0.5988500000000022,False,0.5988500000000022,40-50
241645,2026-03-20 09:00:00,4733.785,4800.0,4700.0,66.21500000000015,33.784999999999854,dn,33.784999999999854,66.21500000000015,dn,0.33784999999999854,True,0.6621500000000015,30-40
241737,2026-03-23 09:00:00,4350.755,4400.0,4300.0,49.24499999999989,50.75500000000011,up,49.24499999999989,50.75500000000011,dn,0.5075500000000011,False,0.5075500000000011,40-50
241829,2026-03-24 09:00:00,4364.085,4400.0,4300.0,35.914999999999964,64.08500000000004,up,35.914999999999964,64.08500000000004,up,0.6408500000000004,True,0.6408500000000004,30-40
241921,2026-03-25 09:00:00,4575.165,4600.0,4500.0,24.835000000000036,75.16499999999996,up,24.835000000000036,75.16499999999996,dn,0.7516499999999996,False,0.7516499999999996,20-30
242013,2026-03-26 09:00:00,4506.405,4600.0,4500.0,93.59500000000025,6.404999999999745,dn,6.404999999999745,93.59500000000025,dn,0.06404999999999746,True,0.9359500000000025,0-10
242105,2026-03-27 09:00:00,4434.965,4500.0,4400.0,65.03499999999985,34.965000000000146,dn,34.965000000000146,65.03499999999985,up,0.34965000000000146,False,0.6503499999999985,30-40
242197,2026-03-30 09:00:00,4506.835,4600.0,4500.0,93.16499999999996,6.835000000000036,dn,6.835000000000036,93.16499999999996,dn,0.06835000000000037,True,0.9316499999999996,0-10
242289,2026-03-31 09:00:00,4561.405,4600.0,4500.0,38.595000000000255,61.404999999999745,up,38.595000000000255,61.404999999999745,up,0.6140499999999974,True,0.6140499999999974,30-40
242381,2026-04-01 09:00:00,4687.035,4700.0,4600.0,12.965000000000146,87.03499999999985,up,12.965000000000146,87.03499999999985,up,0.8703499999999985,True,0.8703499999999985,10-20
242473,2026-04-02 09:00:00,4691.505,4700.0,4600.0,8.49499999999989,91.50500000000011,up,8.49499999999989,91.50500000000011,dn,0.9150500000000011,False,0.9150500000000011,0-10
242565,2026-04-06 09:00:00,4630.245,4700.0,4600.0,69.75500000000011,30.24499999999989,dn,30.24499999999989,69.75500000000011,up,0.3024499999999989,False,0.6975500000000011,30-40
242657,2026-04-07 09:00:00,4642.265,4700.0,4600.0,57.73499999999967,42.26500000000033,dn,42.26500000000033,57.73499999999967,up,0.4226500000000033,False,0.5773499999999967,40-50
242749,2026-04-08 09:00:00,4802.685,4900.0,4800.0,97.3149999999996,2.6850000000004,dn,2.6850000000004,97.3149999999996,dn,0.026850000000004003,True,0.973149999999996,0-10
242841,2026-04-09 09:00:00,4712.335,4800.0,4700.0,87.66499999999996,12.335000000000036,dn,12.335000000000036,87.66499999999996,up,0.12335000000000036,False,0.8766499999999996,10-20
242933,2026-04-10 09:00:00,4755.635,4800.0,4700.0,44.36499999999978,55.63500000000022,up,44.36499999999978,55.63500000000022,dn,0.5563500000000022,False,0.5563500000000022,40-50
243117,2026-04-14 09:00:00,4768.145,4800.0,4700.0,31.854999999999563,68.14500000000044,up,31.854999999999563,68.14500000000044,up,0.6814500000000043,True,0.6814500000000043,30-40
243209,2026-04-15 09:00:00,4826.355,4900.0,4800.0,73.64500000000044,26.354999999999563,dn,26.354999999999563,73.64500000000044,dn,0.2635499999999956,True,0.7364500000000044,20-30
243301,2026-04-16 09:00:00,4823.615,4900.0,4800.0,76.38500000000022,23.61499999999978,dn,23.61499999999978,76.38500000000022,dn,0.2361499999999978,True,0.7638500000000021,20-30
243393,2026-04-17 09:00:00,4793.555,4800.0,4700.0,6.444999999999709,93.55500000000029,up,6.444999999999709,93.55500000000029,up,0.9355500000000029,True,0.9355500000000029,0-10
243485,2026-04-20 09:00:00,4794.795,4800.0,4700.0,5.204999999999927,94.79500000000007,up,5.204999999999927,94.79500000000007,up,0.9479500000000007,True,0.9479500000000007,0-10
243577,2026-04-21 09:00:00,4798.325,4800.0,4700.0,1.675000000000182,98.32499999999982,up,1.675000000000182,98.32499999999982,dn,0.9832499999999982,False,0.9832499999999982,0-10
243669,2026-04-22 09:00:00,4762.835,4800.0,4700.0,37.164999999999964,62.835000000000036,up,37.164999999999964,62.835000000000036,dn,0.6283500000000004,False,0.6283500000000004,30-40
243761,2026-04-23 09:00:00,4702.925,4800.0,4700.0,97.07499999999982,2.925000000000182,dn,2.925000000000182,97.07499999999982,dn,0.02925000000000182,True,0.9707499999999982,0-10
243853,2026-04-24 09:00:00,4674.335,4700.0,4600.0,25.664999999999964,74.33500000000004,up,25.664999999999964,74.33500000000004,up,0.7433500000000004,True,0.7433500000000004,20-30
243945,2026-04-27 09:00:00,4715.505,4800.0,4700.0,84.49499999999989,15.50500000000011,dn,15.50500000000011,84.49499999999989,dn,0.1550500000000011,True,0.8449499999999989,10-20
244037,2026-04-28 09:00:00,4674.745,4700.0,4600.0,25.25500000000011,74.74499999999989,up,25.25500000000011,74.74499999999989,dn,0.747449999999999,False,0.747449999999999,20-30
244129,2026-04-29 09:00:00,4598.465,4600.0,4500.0,1.5349999999998545,98.46500000000015,up,1.5349999999998545,98.46500000000015,up,0.9846500000000015,True,0.9846500000000015,0-10
244221,2026-04-30 09:00:00,4563.055,4600.0,4500.0,36.94499999999971,63.05500000000029,up,36.94499999999971,63.05500000000029,up,0.6305500000000029,True,0.6305500000000029,30-40
244313,2026-05-01 09:00:00,4626.065,4700.0,4600.0,73.9350000000004,26.0649999999996,dn,26.0649999999996,73.9350000000004,dn,0.260649999999996,True,0.739350000000004,20-30
244405,2026-05-04 09:00:00,4609.445,4700.0,4600.0,90.55500000000029,9.444999999999709,dn,9.444999999999709,90.55500000000029,dn,0.09444999999999709,True,0.905550000000003,0-10
244497,2026-05-05 09:00:00,4537.755,4600.0,4500.0,62.24499999999989,37.75500000000011,dn,37.75500000000011,62.24499999999989,up,0.3775500000000011,False,0.6224499999999988,30-40
244589,2026-05-06 09:00:00,4645.405,4700.0,4600.0,54.595000000000255,45.404999999999745,dn,45.404999999999745,54.595000000000255,up,0.45404999999999746,False,0.5459500000000026,40-50
244681,2026-05-07 09:00:00,4704.305,4800.0,4700.0,95.69499999999971,4.305000000000291,dn,4.305000000000291,95.69499999999971,dn,0.04305000000000291,True,0.9569499999999971,0-10
244773,2026-05-08 09:00:00,4720.115,4800.0,4700.0,79.88500000000022,20.11499999999978,dn,20.11499999999978,79.88500000000022,dn,0.20114999999999783,True,0.7988500000000022,20-30
244865,2026-05-11 09:00:00,4689.285,4700.0,4600.0,10.715000000000146,89.28499999999985,up,10.715000000000146,89.28499999999985,up,0.8928499999999986,True,0.8928499999999986,10-20
244957,2026-05-12 09:00:00,4723.418,4800.0,4700.0,76.58200000000033,23.417999999999665,dn,23.417999999999665,76.58200000000033,dn,0.23417999999999664,True,0.7658200000000034,20-30
245049,2026-05-13 09:00:00,4700.365,4800.0,4700.0,99.63500000000022,0.3649999999997817,dn,0.3649999999997817,99.63500000000022,dn,0.0036499999999978173,True,0.9963500000000022,0-10
245141,2026-05-14 09:00:00,4690.738,4700.0,4600.0,9.261999999999716,90.73800000000028,up,9.261999999999716,90.73800000000028,up,0.9073800000000029,True,0.9073800000000029,0-10
245233,2026-05-15 09:00:00,4612.555,4700.0,4600.0,87.44499999999971,12.555000000000291,dn,12.555000000000291,87.44499999999971,dn,0.1255500000000029,True,0.8744499999999971,10-20
245417,2026-05-19 09:00:00,4548.935,4600.0,4500.0,51.0649999999996,48.9350000000004,dn,48.9350000000004,51.0649999999996,dn,0.489350000000004,True,0.510649999999996,40-50
245509,2026-05-20 09:00:00,4460.508,4500.0,4400.0,39.49200000000019,60.50799999999981,up,39.49200000000019,60.50799999999981,up,0.6050799999999981,True,0.6050799999999981,30-40
245601,2026-05-21 09:00:00,4535.338,4600.0,4500.0,64.66200000000026,35.33799999999974,dn,35.33799999999974,64.66200000000026,dn,0.35337999999999736,True,0.6466200000000026,30-40
245693,2026-05-22 09:00:00,4521.395,4600.0,4500.0,78.60499999999956,21.395000000000437,dn,21.395000000000437,78.60499999999956,dn,0.21395000000000436,True,0.7860499999999957,20-30
245867,2026-05-26 09:00:00,4542.075,4600.0,4500.0,57.92500000000018,42.07499999999982,dn,42.07499999999982,57.92500000000018,dn,0.4207499999999982,True,0.5792500000000018,40-50
245959,2026-05-27 09:00:00,4506.818,4600.0,4500.0,93.18199999999979,6.818000000000211,dn,6.818000000000211,93.18199999999979,dn,0.06818000000000211,True,0.9318199999999979,0-10
246051,2026-05-28 09:00:00,4387.268,4400.0,4300.0,12.731999999999971,87.26800000000003,up,12.731999999999971,87.26800000000003,up,0.8726800000000003,True,0.8726800000000003,10-20
246143,2026-05-29 09:00:00,4496.615,4500.0,4400.0,3.3850000000002183,96.61499999999978,up,3.3850000000002183,96.61499999999978,up,0.9661499999999978,True,0.9661499999999978,0-10
246235,2026-06-01 09:00:00,4520.345,4600.0,4500.0,79.65499999999975,20.345000000000255,dn,20.345000000000255,79.65499999999975,dn,0.20345000000000255,True,0.7965499999999974,20-30
246327,2026-06-02 09:00:00,4494.805,4500.0,4400.0,5.194999999999709,94.80500000000029,up,5.194999999999709,94.80500000000029,up,0.948050000000003,True,0.948050000000003,0-10
246511,2026-06-04 09:00:00,4469.005,4500.0,4400.0,30.99499999999989,69.00500000000011,up,30.99499999999989,69.00500000000011,up,0.690050000000001,True,0.690050000000001,30-40
246603,2026-06-05 09:00:00,4436.505,4500.0,4400.0,63.49499999999989,36.50500000000011,dn,36.50500000000011,63.49499999999989,dn,0.3650500000000011,True,0.6349499999999989,30-40
246695,2026-06-08 09:00:00,4306.935,4400.0,4300.0,93.0649999999996,6.9350000000004,dn,6.9350000000004,93.0649999999996,dn,0.069350000000004,True,0.930649999999996,0-10
246787,2026-06-09 09:00:00,4336.525,4400.0,4300.0,63.475000000000364,36.524999999999636,dn,36.524999999999636,63.475000000000364,dn,0.36524999999999636,True,0.6347500000000037,30-40
